event_id,campaign_id,event_type,revenue,city,event_date
1,18,lead,400.64,Mumbai,2026-01-04
2,31,lead,357.18,Pune,2026-01-26
3,2,lead,235.45,Bangalore,2026-01-21
4,5,click,54.69,Delhi,2026-01-28
5,25,lead,127.11,Delhi,2026-01-23
6,40,click,374.54,Pune,2026-01-14
7,27,purchase,392.68,Pune,2026-01-19
8,17,purchase,319.56,Bangalore,2026-01-08
9,25,lead,19.53,Mumbai,2026-01-16
10,15,click,326.81,Pune,2026-01-23
11,10,purchase,157.98,Delhi,2026-01-23
12,12,impression,323.92,Pune,2026-01-11
13,22,impression,455.76,Delhi,2026-01-18
14,38,lead,481.28,Pune,2026-01-11
15,7,lead,108.75,Bangalore,2026-01-03
16,3,impression,431.25,Pune,2026-01-16
17,34,click,144.15,Delhi,2026-01-08
18,28,lead,199.16,Delhi,2026-01-02
19,23,lead,263.46,Bangalore,2026-01-07
20,27,click,394.83,Pune,2026-01-04
21,28,purchase,237.99,Bangalore,2026-01-25
22,36,lead,293.13,Bangalore,2026-01-01
23,34,impression,94.69,Pune,2026-01-20
24,10,click,275.64,Delhi,2026-01-26
25,38,lead,134.08,Pune,2026-01-23
26,4,purchase,30.37,Pune,2026-01-16
27,13,lead,444.22,Pune,2026-01-18
28,5,impression,134.71,Bangalore,2026-01-28
29,9,purchase,249.11,Mumbai,2026-01-13
30,16,purchase,23.21,Mumbai,2026-01-08
31,4,purchase,201.32,Bangalore,2026-01-03
32,26,purchase,309.53,Mumbai,2026-01-08
33,32,lead,463.06,Pune,2026-01-11
34,20,impression,110.47,Bangalore,2026-01-24
35,26,click,128.71,Pune,2026-01-23
36,18,purchase,103.52,Bangalore,2026-01-07
37,29,purchase,157.77,Pune,2026-01-14
38,20,impression,227.56,Bangalore,2026-01-21
39,36,purchase,329.64,Bangalore,2026-01-22
40,5,click,148.13,Bangalore,2026-01-14
41,14,lead,112.99,Pune,2026-01-18
42,38,lead,281.64,Bangalore,2026-01-01
43,27,lead,383.19,Delhi,2026-01-03
44,40,purchase,110.45,Bangalore,2026-01-10
45,13,purchase,29.89,Pune,2026-01-27
46,14,purchase,33.29,Delhi,2026-01-24
47,24,purchase,125.78,Bangalore,2026-01-18
48,11,impression,68.24,Delhi,2026-01-26
49,33,impression,137.22,Delhi,2026-01-17
50,32,lead,83.53,Bangalore,2026-01-22
51,32,lead,453.08,Bangalore,2026-01-22
52,10,impression,302.92,Bangalore,2026-01-15
53,34,purchase,284.72,Delhi,2026-01-12
54,28,impression,37.67,Delhi,2026-01-18
55,11,lead,414.22,Bangalore,2026-01-23
56,18,click,179.21,Pune,2026-01-18
57,24,purchase,328.62,Mumbai,2026-01-26
58,20,click,103.31,Pune,2026-01-04
59,6,impression,369.5,Delhi,2026-01-01
60,32,impression,347.69,Pune,2026-01-22
61,19,lead,105.65,Delhi,2026-01-23
62,21,lead,405.77,Mumbai,2026-01-28
63,31,lead,13.82,Delhi,2026-01-20
64,33,lead,111.7,Mumbai,2026-01-20
65,40,lead,75.11,Delhi,2026-01-26
66,29,purchase,87.81,Mumbai,2026-01-19
67,11,purchase,177.58,Delhi,2026-01-07
68,21,click,239.56,Pune,2026-01-08
69,32,impression,425.06,Pune,2026-01-25
70,35,impression,47.61,Pune,2026-01-19
71,23,purchase,300.05,Bangalore,2026-01-03
72,7,purchase,10.45,Mumbai,2026-01-18
73,18,impression,333.51,Delhi,2026-01-02
74,30,lead,110.52,Pune,2026-01-12
75,16,lead,1.74,Delhi,2026-01-10
76,17,impression,8.12,Delhi,2026-01-14
77,38,click,134.33,Pune,2026-01-06
78,7,purchase,338.71,Mumbai,2026-01-10
79,35,purchase,346.19,Mumbai,2026-01-14
80,25,lead,252.07,Bangalore,2026-01-15
81,34,click,142.51,Delhi,2026-01-10
82,26,impression,323.95,Pune,2026-01-20
83,30,lead,260.91,Delhi,2026-01-28
84,36,purchase,345.85,Bangalore,2026-01-03
85,26,click,440.22,Mumbai,2026-01-03
86,8,click,267.18,Delhi,2026-01-18
87,28,lead,19.45,Delhi,2026-01-17
88,23,impression,265.92,Pune,2026-01-01
89,10,purchase,357.44,Pune,2026-01-15
90,36,purchase,295.77,Pune,2026-01-19
91,12,impression,231.99,Mumbai,2026-01-22
92,32,click,467.91,Delhi,2026-01-19
93,40,impression,6.14,Mumbai,2026-01-20
94,5,click,380.94,Delhi,2026-01-06
95,36,impression,488.26,Mumbai,2026-01-09
96,13,click,379.17,Pune,2026-01-12
97,3,click,395.5,Pune,2026-01-24
98,11,purchase,322.48,Delhi,2026-01-26
99,17,click,159.79,Pune,2026-01-20
100,1,impression,432.95,Delhi,2026-01-13
101,17,purchase,357.49,Mumbai,2026-01-14
102,32,impression,119.96,Delhi,2026-01-09
103,13,impression,32.95,Mumbai,2026-01-23
104,16,purchase,144.96,Pune,2026-01-21
105,25,lead,246.73,Pune,2026-01-14
106,32,purchase,61.01,Delhi,2026-01-02
107,8,impression,179.88,Delhi,2026-01-18
108,22,purchase,74.17,Mumbai,2026-01-07
109,33,impression,249.85,Mumbai,2026-01-15
110,13,purchase,362.31,Pune,2026-01-18
111,3,click,94.75,Bangalore,2026-01-08
112,28,purchase,372.9,Delhi,2026-01-24
113,4,lead,412.64,Mumbai,2026-01-09
114,11,impression,448.12,Mumbai,2026-01-21
115,25,click,43.25,Pune,2026-01-05
116,22,impression,296.29,Mumbai,2026-01-10
117,12,click,225.15,Bangalore,2026-01-07
118,5,click,35.32,Bangalore,2026-01-14
119,10,purchase,284.07,Pune,2026-01-13
120,1,purchase,153.71,Pune,2026-01-07
121,22,impression,211.41,Bangalore,2026-01-10
122,35,lead,469.94,Mumbai,2026-01-06
123,25,lead,462.28,Pune,2026-01-21
124,3,lead,142.25,Delhi,2026-01-08
125,7,click,314.04,Delhi,2026-01-25
126,17,impression,278.75,Pune,2026-01-24
127,27,lead,295.31,Delhi,2026-01-08
128,31,lead,480.17,Mumbai,2026-01-09
129,26,purchase,282.04,Mumbai,2026-01-25
130,4,purchase,314.38,Delhi,2026-01-07
131,21,purchase,95.72,Bangalore,2026-01-22
132,2,lead,93.52,Mumbai,2026-01-18
133,17,click,190.16,Delhi,2026-01-24
134,1,impression,0.51,Pune,2026-01-21
135,22,lead,234.55,Pune,2026-01-03
136,28,click,400.65,Mumbai,2026-01-24
137,30,purchase,467.64,Bangalore,2026-01-09
138,21,purchase,120.71,Bangalore,2026-01-18
139,40,click,457.43,Mumbai,2026-01-05
140,40,click,342.67,Bangalore,2026-01-14
141,12,click,286.17,Delhi,2026-01-21
142,4,lead,49.18,Pune,2026-01-05
143,30,lead,341.89,Bangalore,2026-01-28
144,24,impression,28.68,Pune,2026-01-16
145,15,impression,14.9,Mumbai,2026-01-28
146,5,click,265.77,Mumbai,2026-01-03
147,39,lead,459.26,Delhi,2026-01-22
148,24,purchase,277.05,Mumbai,2026-01-28
149,4,lead,143.5,Delhi,2026-01-21
150,28,purchase,105.69,Bangalore,2026-01-16
151,17,purchase,300.76,Mumbai,2026-01-17
152,18,impression,269.47,Delhi,2026-01-20
153,24,impression,495.27,Delhi,2026-01-03
154,30,purchase,402.0,Bangalore,2026-01-22
155,31,purchase,341.1,Delhi,2026-01-03
156,8,impression,350.8,Pune,2026-01-22
157,10,purchase,74.57,Bangalore,2026-01-04
158,39,click,381.8,Bangalore,2026-01-21
159,19,lead,183.93,Mumbai,2026-01-24
160,1,impression,442.9,Bangalore,2026-01-05
161,9,click,68.02,Pune,2026-01-19
162,10,click,166.44,Mumbai,2026-01-20
163,4,lead,467.75,Delhi,2026-01-23
164,10,purchase,390.11,Pune,2026-01-18
165,3,lead,235.04,Mumbai,2026-01-27
166,3,click,235.2,Delhi,2026-01-10
167,27,click,387.22,Pune,2026-01-14
168,11,purchase,309.02,Delhi,2026-01-02
169,27,impression,408.26,Mumbai,2026-01-05
170,35,lead,124.4,Delhi,2026-01-28
171,11,lead,379.67,Delhi,2026-01-22
172,27,click,231.78,Pune,2026-01-17
173,7,click,84.78,Bangalore,2026-01-16
174,32,lead,99.22,Pune,2026-01-06
175,15,click,64.32,Bangalore,2026-01-14
176,16,lead,455.57,Delhi,2026-01-04
177,17,lead,232.81,Delhi,2026-01-26
178,10,lead,193.03,Pune,2026-01-09
179,25,lead,284.4,Mumbai,2026-01-10
180,38,purchase,318.11,Mumbai,2026-01-21
181,34,impression,267.08,Bangalore,2026-01-08
182,7,impression,176.4,Bangalore,2026-01-07
183,19,purchase,403.02,Delhi,2026-01-24
184,31,impression,104.72,Delhi,2026-01-16
185,13,impression,59.95,Pune,2026-01-03
186,39,impression,121.09,Bangalore,2026-01-20
187,32,lead,159.3,Bangalore,2026-01-15
188,23,lead,486.13,Delhi,2026-01-20
189,37,impression,62.98,Pune,2026-01-06
190,36,impression,251.95,Mumbai,2026-01-14
191,40,click,149.6,Delhi,2026-01-19
192,19,lead,478.26,Bangalore,2026-01-21
193,3,purchase,66.4,Delhi,2026-01-22
194,8,click,259.54,Bangalore,2026-01-26
195,33,purchase,46.19,Mumbai,2026-01-24
196,4,click,481.15,Delhi,2026-01-04
197,29,click,232.67,Delhi,2026-01-21
198,40,lead,51.77,Delhi,2026-01-26
199,27,impression,246.18,Bangalore,2026-01-03
200,14,impression,174.01,Mumbai,2026-01-14
201,22,click,214.0,Pune,2026-01-09
202,4,purchase,53.36,Mumbai,2026-01-20
203,13,purchase,1.49,Mumbai,2026-01-27
204,25,click,238.04,Bangalore,2026-01-06
205,32,click,322.93,Delhi,2026-01-06
206,28,click,455.53,Pune,2026-01-01
207,31,click,454.05,Pune,2026-01-08
208,19,lead,218.52,Bangalore,2026-01-01
209,30,lead,396.91,Delhi,2026-01-19
210,10,click,22.61,Bangalore,2026-01-19
211,23,impression,275.01,Bangalore,2026-01-22
212,15,lead,15.1,Delhi,2026-01-08
213,24,impression,155.56,Mumbai,2026-01-02
214,38,purchase,168.22,Mumbai,2026-01-04
215,22,impression,222.04,Mumbai,2026-01-06
216,6,click,94.47,Delhi,2026-01-16
217,6,lead,22.01,Bangalore,2026-01-12
218,6,purchase,50.13,Delhi,2026-01-26
219,5,lead,300.5,Pune,2026-01-06
220,22,click,464.93,Mumbai,2026-01-04
221,30,lead,451.9,Pune,2026-01-27
222,38,lead,101.92,Bangalore,2026-01-28
223,33,impression,25.32,Delhi,2026-01-10
224,27,purchase,471.3,Bangalore,2026-01-03
225,27,click,201.86,Delhi,2026-01-15
226,15,purchase,31.52,Pune,2026-01-10
227,27,lead,273.14,Bangalore,2026-01-19
228,35,lead,184.56,Bangalore,2026-01-22
229,3,lead,290.78,Bangalore,2026-01-03
230,18,impression,3.78,Delhi,2026-01-06
231,8,click,14.77,Bangalore,2026-01-20
232,2,impression,180.14,Bangalore,2026-01-18
233,34,click,12.04,Pune,2026-01-13
234,36,purchase,48.54,Bangalore,2026-01-25
235,18,purchase,396.16,Mumbai,2026-01-22
236,20,purchase,479.1,Pune,2026-01-27
237,40,impression,299.64,Mumbai,2026-01-13
238,1,click,448.74,Delhi,2026-01-05
239,32,impression,367.7,Delhi,2026-01-27
240,28,impression,164.11,Bangalore,2026-01-23
241,18,impression,204.69,Bangalore,2026-01-24
242,4,impression,16.75,Bangalore,2026-01-08
243,22,click,52.17,Bangalore,2026-01-15
244,8,purchase,62.81,Pune,2026-01-06
245,22,purchase,205.16,Bangalore,2026-01-17
246,28,click,298.02,Pune,2026-01-24
247,34,click,353.83,Mumbai,2026-01-15
248,31,lead,328.24,Delhi,2026-01-10
249,2,click,45.39,Mumbai,2026-01-24
250,3,click,49.85,Pune,2026-01-26
251,6,lead,274.05,Bangalore,2026-01-09
252,38,purchase,64.0,Delhi,2026-01-25
253,33,lead,477.86,Delhi,2026-01-24
254,9,click,128.69,Mumbai,2026-01-06
255,15,impression,475.02,Bangalore,2026-01-28
256,22,impression,441.22,Pune,2026-01-02
257,26,impression,255.95,Bangalore,2026-01-02
258,38,purchase,427.29,Mumbai,2026-01-22
259,21,purchase,183.8,Pune,2026-01-25
260,25,purchase,231.13,Mumbai,2026-01-05
261,29,purchase,340.29,Pune,2026-01-06
262,1,purchase,459.57,Mumbai,2026-01-05
263,15,purchase,410.1,Mumbai,2026-01-22
264,2,click,365.88,Mumbai,2026-01-12
265,6,lead,319.65,Delhi,2026-01-22
266,4,impression,333.95,Bangalore,2026-01-26
267,5,purchase,229.8,Pune,2026-01-20
268,40,click,431.53,Delhi,2026-01-12
269,4,impression,322.5,Delhi,2026-01-20
270,32,purchase,296.71,Pune,2026-01-25
271,39,click,231.15,Bangalore,2026-01-23
272,1,lead,458.74,Pune,2026-01-19
273,26,lead,137.36,Pune,2026-01-19
274,20,purchase,372.03,Pune,2026-01-20
275,33,purchase,178.45,Pune,2026-01-11
276,40,click,288.25,Delhi,2026-01-08
277,21,impression,261.74,Bangalore,2026-01-23
278,19,lead,244.21,Delhi,2026-01-23
279,35,lead,32.71,Delhi,2026-01-10
280,39,click,433.25,Bangalore,2026-01-02
281,23,click,123.89,Pune,2026-01-27
282,35,click,412.98,Pune,2026-01-20
283,29,purchase,67.22,Delhi,2026-01-17
284,18,impression,490.48,Bangalore,2026-01-27
285,5,impression,129.85,Mumbai,2026-01-06
286,20,purchase,303.56,Delhi,2026-01-28
287,36,click,444.48,Delhi,2026-01-27
288,23,impression,300.16,Pune,2026-01-16
289,7,click,111.87,Pune,2026-01-27
290,9,impression,422.56,Bangalore,2026-01-28
291,29,purchase,13.93,Delhi,2026-01-02
292,34,impression,462.69,Pune,2026-01-11
293,12,purchase,164.63,Mumbai,2026-01-14
294,33,lead,431.79,Delhi,2026-01-12
295,6,purchase,183.42,Mumbai,2026-01-01
296,7,impression,375.81,Bangalore,2026-01-02
297,31,click,453.15,Delhi,2026-01-20
298,25,lead,135.84,Pune,2026-01-08
299,2,click,423.84,Mumbai,2026-01-16
300,38,purchase,206.93,Delhi,2026-01-10
301,13,purchase,51.41,Pune,2026-01-12
302,39,impression,121.9,Mumbai,2026-01-08
303,21,click,122.29,Mumbai,2026-01-17
304,32,impression,461.71,Bangalore,2026-01-02
305,24,click,33.5,Delhi,2026-01-22
306,3,impression,440.2,Delhi,2026-01-28
307,6,lead,23.17,Bangalore,2026-01-08
308,40,click,48.23,Delhi,2026-01-02
309,9,purchase,49.67,Delhi,2026-01-15
310,8,click,288.13,Delhi,2026-01-01
311,35,purchase,268.3,Bangalore,2026-01-05
312,32,click,489.26,Pune,2026-01-16
313,19,click,276.63,Pune,2026-01-17
314,23,purchase,430.25,Pune,2026-01-02
315,30,purchase,490.87,Mumbai,2026-01-06
316,5,purchase,470.93,Mumbai,2026-01-01
317,16,click,235.42,Delhi,2026-01-26
318,39,purchase,208.13,Pune,2026-01-05
319,19,click,12.05,Delhi,2026-01-21
320,39,click,292.65,Bangalore,2026-01-05
321,26,purchase,260.77,Mumbai,2026-01-22
322,32,click,417.45,Mumbai,2026-01-11
323,23,click,28.15,Bangalore,2026-01-16
324,29,click,144.77,Bangalore,2026-01-25
325,19,click,441.27,Delhi,2026-01-10
326,40,impression,493.9,Mumbai,2026-01-18
327,37,impression,183.2,Pune,2026-01-25
328,27,purchase,408.93,Pune,2026-01-28
329,25,purchase,252.37,Pune,2026-01-26
330,8,purchase,411.65,Bangalore,2026-01-24
331,5,click,59.97,Pune,2026-01-21
332,28,impression,68.62,Pune,2026-01-20
333,5,purchase,276.74,Mumbai,2026-01-27
334,18,impression,11.24,Delhi,2026-01-14
335,7,click,295.57,Delhi,2026-01-06
336,3,click,279.41,Bangalore,2026-01-28
337,33,click,234.71,Mumbai,2026-01-01
338,27,impression,46.38,Bangalore,2026-01-05
339,1,lead,288.14,Mumbai,2026-01-06
340,40,click,455.9,Delhi,2026-01-24
341,39,lead,131.36,Mumbai,2026-01-09
342,14,lead,84.35,Pune,2026-01-09
343,3,lead,366.98,Pune,2026-01-19
344,40,click,120.95,Pune,2026-01-07
345,10,purchase,136.5,Delhi,2026-01-01
346,12,click,311.25,Delhi,2026-01-04
347,25,lead,123.55,Bangalore,2026-01-28
348,11,click,332.51,Mumbai,2026-01-12
349,8,purchase,67.94,Delhi,2026-01-17
350,39,impression,339.08,Mumbai,2026-01-10
351,8,purchase,156.11,Pune,2026-01-10
352,2,purchase,259.18,Bangalore,2026-01-16
353,12,impression,346.97,Delhi,2026-01-27
354,13,impression,96.7,Pune,2026-01-06
355,34,click,292.58,Bangalore,2026-01-16
356,40,click,147.81,Bangalore,2026-01-17
357,34,click,138.1,Pune,2026-01-19
358,20,lead,274.43,Mumbai,2026-01-10
359,20,lead,381.42,Bangalore,2026-01-24
360,36,click,178.04,Mumbai,2026-01-17
361,32,lead,310.64,Bangalore,2026-01-15
362,6,impression,8.68,Mumbai,2026-01-26
363,28,purchase,301.97,Delhi,2026-01-22
364,36,lead,45.28,Pune,2026-01-14
365,31,purchase,372.14,Bangalore,2026-01-17
366,40,lead,149.05,Pune,2026-01-05
367,12,click,85.05,Mumbai,2026-01-10
368,6,purchase,2.98,Mumbai,2026-01-15
369,5,purchase,485.91,Delhi,2026-01-12
370,29,lead,434.88,Pune,2026-01-20
371,35,purchase,408.79,Pune,2026-01-26
372,37,purchase,161.69,Delhi,2026-01-11
373,36,impression,459.7,Mumbai,2026-01-16
374,23,lead,246.88,Bangalore,2026-01-08
375,14,purchase,115.41,Delhi,2026-01-20
376,18,purchase,310.01,Bangalore,2026-01-21
377,12,click,309.67,Delhi,2026-01-12
378,17,purchase,356.39,Bangalore,2026-01-16
379,17,lead,191.35,Bangalore,2026-01-13
380,26,purchase,288.79,Bangalore,2026-01-18
381,15,click,371.41,Pune,2026-01-12
382,8,impression,263.21,Delhi,2026-01-01
383,12,purchase,52.65,Bangalore,2026-01-01
384,11,lead,6.36,Pune,2026-01-13
385,21,purchase,245.49,Mumbai,2026-01-19
386,7,impression,336.63,Mumbai,2026-01-16
387,24,lead,239.83,Pune,2026-01-14
388,28,purchase,112.11,Mumbai,2026-01-16
389,32,lead,116.14,Pune,2026-01-03
390,40,click,27.47,Delhi,2026-01-17
391,26,impression,113.67,Delhi,2026-01-25
392,3,lead,120.61,Bangalore,2026-01-15
393,13,click,125.62,Pune,2026-01-28
394,3,impression,42.09,Pune,2026-01-07
395,17,purchase,163.91,Bangalore,2026-01-22
396,36,click,222.52,Mumbai,2026-01-23
397,28,click,9.47,Pune,2026-01-28
398,9,impression,253.75,Mumbai,2026-01-20
399,36,lead,141.98,Delhi,2026-01-14
400,29,lead,384.29,Bangalore,2026-01-13
401,17,impression,202.56,Delhi,2026-01-23
402,27,lead,34.23,Delhi,2026-01-28
403,26,click,386.38,Pune,2026-01-26
404,31,lead,255.94,Mumbai,2026-01-15
405,38,lead,440.6,Pune,2026-01-08
406,21,purchase,357.28,Bangalore,2026-01-17
407,24,impression,245.97,Delhi,2026-01-25
408,20,purchase,474.03,Bangalore,2026-01-03
409,23,click,286.6,Pune,2026-01-13
410,15,click,374.88,Mumbai,2026-01-18
411,20,lead,364.02,Bangalore,2026-01-22
412,11,impression,274.13,Bangalore,2026-01-03
413,29,click,9.85,Mumbai,2026-01-15
414,33,impression,400.2,Mumbai,2026-01-17
415,34,click,111.82,Mumbai,2026-01-10
416,34,purchase,230.14,Bangalore,2026-01-14
417,30,lead,440.19,Pune,2026-01-27
418,36,click,292.83,Pune,2026-01-22
419,19,click,318.29,Mumbai,2026-01-18
420,28,lead,214.64,Mumbai,2026-01-06
421,20,impression,442.87,Delhi,2026-01-15
422,21,purchase,33.31,Pune,2026-01-25
423,36,purchase,224.33,Bangalore,2026-01-17
424,19,lead,104.13,Delhi,2026-01-14
425,15,purchase,182.08,Pune,2026-01-26
426,18,purchase,269.34,Mumbai,2026-01-03
427,5,lead,397.58,Mumbai,2026-01-03
428,20,lead,469.42,Mumbai,2026-01-17
429,7,purchase,112.58,Delhi,2026-01-27
430,19,click,226.05,Pune,2026-01-19
431,39,purchase,239.76,Bangalore,2026-01-24
432,5,click,260.85,Pune,2026-01-20
433,24,purchase,23.27,Delhi,2026-01-15
434,15,click,434.5,Mumbai,2026-01-28
435,39,lead,127.77,Bangalore,2026-01-08
436,30,impression,175.98,Bangalore,2026-01-05
437,17,click,59.23,Pune,2026-01-21
438,34,purchase,368.77,Bangalore,2026-01-27
439,9,lead,329.22,Delhi,2026-01-22
440,23,click,97.73,Bangalore,2026-01-22
441,26,click,44.54,Pune,2026-01-05
442,20,purchase,184.25,Mumbai,2026-01-11
443,20,lead,121.48,Mumbai,2026-01-13
444,6,lead,397.85,Delhi,2026-01-09
445,12,purchase,461.63,Mumbai,2026-01-04
446,32,lead,456.79,Bangalore,2026-01-14
447,11,purchase,34.55,Delhi,2026-01-19
448,21,purchase,311.09,Pune,2026-01-25
449,32,impression,397.49,Pune,2026-01-16
450,4,impression,73.84,Delhi,2026-01-08
451,40,click,206.71,Bangalore,2026-01-08
452,18,lead,426.24,Delhi,2026-01-12
453,21,click,30.47,Pune,2026-01-27
454,22,purchase,411.2,Pune,2026-01-20
455,4,click,188.3,Mumbai,2026-01-06
456,27,lead,347.72,Delhi,2026-01-01
457,34,click,336.66,Bangalore,2026-01-03
458,35,click,338.07,Mumbai,2026-01-10
459,28,lead,187.07,Pune,2026-01-23
460,3,purchase,96.03,Pune,2026-01-21
461,28,click,355.71,Bangalore,2026-01-28
462,17,purchase,272.19,Delhi,2026-01-20
463,10,purchase,52.09,Bangalore,2026-01-15
464,35,impression,3.85,Pune,2026-01-26
465,25,purchase,161.31,Mumbai,2026-01-26
466,21,lead,169.26,Bangalore,2026-01-01
467,24,impression,350.77,Bangalore,2026-01-26
468,20,impression,269.71,Pune,2026-01-19
469,28,purchase,48.63,Delhi,2026-01-15
470,14,purchase,244.74,Mumbai,2026-01-17
471,4,click,370.54,Mumbai,2026-01-16
472,40,lead,366.99,Bangalore,2026-01-13
473,26,purchase,12.75,Bangalore,2026-01-06
474,18,click,430.56,Bangalore,2026-01-03
475,3,purchase,143.85,Pune,2026-01-14
476,12,lead,98.65,Bangalore,2026-01-17
477,3,purchase,325.57,Mumbai,2026-01-16
478,7,click,431.72,Mumbai,2026-01-15
479,14,click,228.73,Bangalore,2026-01-06
480,11,lead,20.57,Pune,2026-01-22
481,14,lead,365.18,Bangalore,2026-01-15
482,10,impression,324.54,Bangalore,2026-01-24
483,20,impression,141.69,Pune,2026-01-24
484,39,impression,58.5,Delhi,2026-01-06
485,3,click,318.31,Pune,2026-01-12
486,37,impression,314.69,Bangalore,2026-01-14
487,8,click,128.96,Bangalore,2026-01-23
488,14,purchase,375.39,Pune,2026-01-27
489,12,lead,489.25,Pune,2026-01-24
490,11,purchase,366.99,Bangalore,2026-01-09
491,11,impression,228.59,Pune,2026-01-09
492,8,impression,287.53,Bangalore,2026-01-17
493,30,impression,230.91,Bangalore,2026-01-06
494,22,purchase,470.47,Delhi,2026-01-15
495,32,lead,385.84,Delhi,2026-01-20
496,30,click,84.26,Bangalore,2026-01-07
497,18,lead,457.71,Delhi,2026-01-18
498,6,lead,473.57,Mumbai,2026-01-26
499,5,lead,478.42,Pune,2026-01-10
500,31,click,315.31,Delhi,2026-01-15
501,28,impression,106.96,Pune,2026-01-16
502,36,purchase,261.44,Delhi,2026-01-05
503,15,click,285.31,Delhi,2026-01-12
504,31,lead,96.36,Bangalore,2026-01-09
505,24,click,469.78,Bangalore,2026-01-26
506,34,lead,396.24,Delhi,2026-01-01
507,18,lead,313.23,Mumbai,2026-01-06
508,7,purchase,380.51,Bangalore,2026-01-11
509,24,lead,495.2,Mumbai,2026-01-04
510,25,lead,149.04,Pune,2026-01-14
511,20,purchase,279.13,Mumbai,2026-01-15
512,6,lead,236.66,Delhi,2026-01-01
513,22,impression,338.93,Pune,2026-01-21
514,6,impression,232.61,Mumbai,2026-01-21
515,34,lead,45.65,Pune,2026-01-17
516,5,click,317.11,Mumbai,2026-01-20
517,10,impression,196.26,Bangalore,2026-01-10
518,40,impression,200.01,Pune,2026-01-04
519,5,impression,236.84,Bangalore,2026-01-08
520,16,click,199.61,Delhi,2026-01-26
521,9,lead,6.17,Bangalore,2026-01-27
522,5,impression,211.69,Delhi,2026-01-02
523,38,purchase,98.5,Bangalore,2026-01-05
524,1,lead,34.89,Mumbai,2026-01-13
525,33,click,247.08,Delhi,2026-01-13
526,4,purchase,420.7,Bangalore,2026-01-05
527,12,purchase,145.46,Pune,2026-01-04
528,28,click,348.22,Pune,2026-01-21
529,30,click,480.77,Mumbai,2026-01-16
530,12,lead,320.0,Mumbai,2026-01-19
531,15,impression,302.07,Mumbai,2026-01-20
532,2,click,434.24,Mumbai,2026-01-26
533,20,lead,276.54,Mumbai,2026-01-13
534,16,purchase,42.3,Pune,2026-01-10
535,38,purchase,43.16,Mumbai,2026-01-09
536,10,purchase,482.98,Pune,2026-01-14
537,25,purchase,180.52,Delhi,2026-01-25
538,5,click,240.14,Pune,2026-01-15
539,40,purchase,159.46,Bangalore,2026-01-07
540,32,purchase,176.69,Delhi,2026-01-25
541,8,lead,70.64,Mumbai,2026-01-12
542,12,purchase,213.65,Delhi,2026-01-23
543,2,lead,238.92,Pune,2026-01-20
544,34,impression,362.89,Bangalore,2026-01-24
545,1,purchase,459.37,Bangalore,2026-01-18
546,24,lead,118.64,Pune,2026-01-17
547,37,lead,110.71,Delhi,2026-01-21
548,32,impression,159.77,Mumbai,2026-01-20
549,26,purchase,339.99,Bangalore,2026-01-12
550,8,purchase,486.76,Pune,2026-01-18
551,40,purchase,306.71,Mumbai,2026-01-17
552,33,lead,494.67,Bangalore,2026-01-09
553,31,impression,493.6,Pune,2026-01-08
554,25,click,297.06,Mumbai,2026-01-24
555,15,impression,33.22,Pune,2026-01-10
556,9,impression,376.53,Delhi,2026-01-17
557,20,lead,452.7,Mumbai,2026-01-17
558,7,lead,369.78,Delhi,2026-01-10
559,7,click,142.91,Delhi,2026-01-12
560,10,impression,43.34,Bangalore,2026-01-27
561,14,impression,433.25,Pune,2026-01-09
562,24,impression,267.32,Pune,2026-01-01
563,35,lead,74.04,Pune,2026-01-17
564,6,click,272.55,Bangalore,2026-01-02
565,16,lead,329.89,Pune,2026-01-20
566,13,impression,292.83,Pune,2026-01-03
567,4,lead,91.11,Delhi,2026-01-19
568,11,impression,4.28,Pune,2026-01-27
569,39,click,257.3,Delhi,2026-01-07
570,39,click,477.83,Mumbai,2026-01-08
571,29,click,42.68,Mumbai,2026-01-01
572,23,impression,209.71,Mumbai,2026-01-04
573,18,click,260.07,Pune,2026-01-04
574,8,purchase,64.29,Pune,2026-01-02
575,19,purchase,262.62,Bangalore,2026-01-21
576,26,lead,379.77,Mumbai,2026-01-08
577,24,impression,105.93,Mumbai,2026-01-12
578,27,purchase,418.21,Bangalore,2026-01-20
579,15,purchase,107.92,Delhi,2026-01-27
580,27,purchase,362.21,Pune,2026-01-24
581,30,click,126.43,Delhi,2026-01-01
582,22,impression,99.05,Bangalore,2026-01-02
583,14,click,427.69,Mumbai,2026-01-25
584,10,impression,66.43,Mumbai,2026-01-01
585,21,purchase,416.99,Pune,2026-01-01
586,4,impression,467.89,Mumbai,2026-01-14
587,21,impression,160.75,Mumbai,2026-01-01
588,37,click,205.61,Pune,2026-01-06
589,39,lead,56.28,Bangalore,2026-01-11
590,15,click,47.88,Mumbai,2026-01-23
591,21,lead,33.57,Mumbai,2026-01-17
592,4,purchase,272.3,Bangalore,2026-01-09
593,12,click,19.64,Pune,2026-01-20
594,6,impression,446.0,Delhi,2026-01-22
595,2,lead,157.51,Bangalore,2026-01-16
596,6,impression,197.21,Mumbai,2026-01-06
597,23,lead,365.61,Bangalore,2026-01-21
598,1,purchase,408.83,Bangalore,2026-01-05
599,4,lead,382.55,Delhi,2026-01-04
600,27,purchase,480.62,Mumbai,2026-01-17
601,25,lead,372.38,Bangalore,2026-01-15
602,17,impression,397.8,Delhi,2026-01-18
603,12,lead,407.45,Mumbai,2026-01-05
604,31,lead,248.77,Bangalore,2026-01-24
605,37,purchase,344.02,Delhi,2026-01-27
606,24,click,472.69,Pune,2026-01-19
607,9,lead,108.78,Pune,2026-01-03
608,20,lead,356.5,Delhi,2026-01-19
609,29,impression,60.18,Bangalore,2026-01-23
610,25,purchase,378.19,Delhi,2026-01-21
611,6,purchase,97.13,Bangalore,2026-01-02
612,19,purchase,349.41,Mumbai,2026-01-28
613,21,purchase,368.58,Pune,2026-01-24
614,27,impression,244.58,Pune,2026-01-05
615,24,impression,121.71,Pune,2026-01-02
616,35,click,168.34,Pune,2026-01-21
617,9,purchase,456.96,Bangalore,2026-01-02
618,6,lead,306.03,Bangalore,2026-01-06
619,33,click,205.29,Pune,2026-01-23
620,15,purchase,397.02,Delhi,2026-01-26
621,22,impression,216.07,Delhi,2026-01-17
622,7,lead,277.79,Delhi,2026-01-22
623,16,lead,361.3,Pune,2026-01-08
624,21,click,280.34,Bangalore,2026-01-21
625,3,purchase,269.62,Delhi,2026-01-27
626,14,click,492.08,Pune,2026-01-03
627,40,purchase,385.73,Delhi,2026-01-20
628,25,impression,486.93,Delhi,2026-01-21
629,22,impression,479.61,Pune,2026-01-08
630,39,lead,314.87,Pune,2026-01-03
631,14,impression,82.44,Mumbai,2026-01-25
632,30,click,460.34,Mumbai,2026-01-26
633,19,click,365.15,Pune,2026-01-01
634,24,impression,492.29,Bangalore,2026-01-09
635,36,impression,241.88,Delhi,2026-01-13
636,17,lead,420.38,Mumbai,2026-01-28
637,22,impression,246.31,Bangalore,2026-01-26
638,39,click,370.8,Mumbai,2026-01-25
639,33,impression,8.76,Pune,2026-01-27
640,8,purchase,60.37,Delhi,2026-01-24
641,31,impression,109.13,Pune,2026-01-01
642,8,impression,474.99,Mumbai,2026-01-18
643,13,impression,439.47,Pune,2026-01-24
644,10,purchase,324.51,Delhi,2026-01-03
645,36,lead,449.85,Pune,2026-01-14
646,37,purchase,285.9,Pune,2026-01-08
647,29,lead,241.26,Bangalore,2026-01-25
648,15,impression,220.81,Pune,2026-01-14
649,6,impression,6.21,Delhi,2026-01-21
650,20,click,108.79,Mumbai,2026-01-26
651,3,impression,398.04,Bangalore,2026-01-18
652,27,impression,436.29,Bangalore,2026-01-24
653,34,impression,426.74,Delhi,2026-01-06
654,2,click,94.77,Delhi,2026-01-06
655,10,lead,311.52,Mumbai,2026-01-16
656,14,purchase,416.69,Pune,2026-01-04
657,28,purchase,457.65,Bangalore,2026-01-21
658,27,click,462.69,Pune,2026-01-11
659,40,impression,414.86,Pune,2026-01-01
660,19,impression,160.75,Bangalore,2026-01-03
661,36,purchase,246.83,Delhi,2026-01-02
662,30,click,33.46,Pune,2026-01-27
663,11,impression,172.37,Bangalore,2026-01-13
664,8,purchase,310.38,Pune,2026-01-28
665,15,click,349.88,Delhi,2026-01-14
666,28,impression,47.72,Bangalore,2026-01-22
667,30,lead,277.66,Delhi,2026-01-13
668,34,purchase,413.66,Bangalore,2026-01-07
669,29,click,7.52,Mumbai,2026-01-28
670,25,purchase,482.38,Delhi,2026-01-06
671,25,click,430.0,Mumbai,2026-01-14
672,35,click,393.24,Pune,2026-01-09
673,37,purchase,130.54,Delhi,2026-01-26
674,16,click,251.56,Mumbai,2026-01-15
675,24,purchase,41.93,Bangalore,2026-01-01
676,29,purchase,200.47,Delhi,2026-01-18
677,6,click,168.97,Bangalore,2026-01-27
678,32,purchase,252.06,Delhi,2026-01-19
679,1,impression,102.03,Delhi,2026-01-27
680,38,click,231.49,Delhi,2026-01-17
681,9,impression,296.54,Bangalore,2026-01-07
682,25,purchase,292.02,Delhi,2026-01-01
683,35,impression,141.35,Bangalore,2026-01-11
684,36,click,324.05,Bangalore,2026-01-25
685,29,impression,185.21,Delhi,2026-01-22
686,15,lead,37.47,Pune,2026-01-28
687,40,purchase,305.34,Delhi,2026-01-06
688,5,purchase,164.06,Delhi,2026-01-18
689,13,lead,295.56,Bangalore,2026-01-12
690,12,purchase,180.07,Delhi,2026-01-14
691,27,purchase,460.46,Delhi,2026-01-16
692,29,purchase,34.9,Pune,2026-01-04
693,35,lead,208.72,Pune,2026-01-06
694,36,lead,398.86,Mumbai,2026-01-09
695,30,lead,320.54,Mumbai,2026-01-13
696,26,purchase,391.71,Pune,2026-01-07
697,1,impression,440.4,Pune,2026-01-21
698,34,click,349.26,Bangalore,2026-01-12
699,19,click,39.8,Delhi,2026-01-18
700,33,click,308.35,Bangalore,2026-01-23
701,37,purchase,150.88,Delhi,2026-01-04
702,32,impression,36.6,Pune,2026-01-22
703,6,click,405.11,Delhi,2026-01-18
704,32,purchase,251.28,Mumbai,2026-01-05
705,23,lead,402.78,Delhi,2026-01-06
706,22,purchase,65.85,Bangalore,2026-01-09
707,38,impression,122.62,Delhi,2026-01-04
708,37,impression,27.51,Mumbai,2026-01-11
709,15,purchase,317.82,Pune,2026-01-28
710,16,purchase,493.24,Delhi,2026-01-08
711,3,lead,129.76,Delhi,2026-01-24
712,34,purchase,101.74,Pune,2026-01-16
713,31,impression,91.5,Pune,2026-01-19
714,37,click,370.01,Bangalore,2026-01-04
715,14,impression,191.35,Bangalore,2026-01-14
716,12,click,330.7,Delhi,2026-01-18
717,4,click,34.06,Mumbai,2026-01-05
718,35,purchase,427.09,Pune,2026-01-15
719,2,lead,187.03,Bangalore,2026-01-16
720,20,purchase,33.56,Bangalore,2026-01-28
721,13,impression,247.62,Delhi,2026-01-25
722,10,purchase,63.69,Pune,2026-01-12
723,29,impression,446.05,Mumbai,2026-01-08
724,35,impression,134.53,Delhi,2026-01-17
725,25,purchase,274.99,Bangalore,2026-01-24
726,14,lead,165.31,Bangalore,2026-01-08
727,21,purchase,133.63,Pune,2026-01-25
728,35,lead,161.69,Bangalore,2026-01-17
729,1,impression,237.63,Bangalore,2026-01-19
730,9,purchase,234.51,Mumbai,2026-01-10
731,23,impression,302.9,Pune,2026-01-08
732,24,impression,176.91,Delhi,2026-01-06
733,6,click,430.89,Delhi,2026-01-26
734,20,purchase,344.72,Mumbai,2026-01-16
735,37,lead,471.46,Pune,2026-01-21
736,22,lead,154.08,Delhi,2026-01-25
737,12,click,302.15,Pune,2026-01-27
738,5,click,9.46,Mumbai,2026-01-18
739,19,purchase,126.33,Bangalore,2026-01-20
740,30,lead,384.55,Delhi,2026-01-04
741,20,impression,78.29,Bangalore,2026-01-01
742,39,purchase,141.7,Delhi,2026-01-16
743,14,lead,215.81,Delhi,2026-01-14
744,36,impression,281.31,Delhi,2026-01-16
745,30,impression,135.08,Bangalore,2026-01-09
746,5,lead,182.61,Pune,2026-01-26
747,25,impression,296.36,Delhi,2026-01-11
748,18,lead,144.19,Pune,2026-01-10
749,31,impression,116.79,Mumbai,2026-01-23
750,16,lead,391.72,Delhi,2026-01-17
751,33,impression,137.42,Delhi,2026-01-21
752,15,impression,128.08,Pune,2026-01-19
753,15,impression,240.06,Bangalore,2026-01-04
754,26,purchase,259.13,Pune,2026-01-09
755,2,purchase,366.18,Mumbai,2026-01-27
756,7,lead,74.87,Pune,2026-01-13
757,10,click,361.74,Bangalore,2026-01-01
758,34,click,94.3,Delhi,2026-01-18
759,32,impression,476.62,Pune,2026-01-24
760,37,impression,359.04,Pune,2026-01-20
761,35,lead,98.95,Pune,2026-01-25
762,9,impression,358.08,Pune,2026-01-26
763,25,lead,204.49,Mumbai,2026-01-19
764,40,lead,252.63,Mumbai,2026-01-12
765,21,purchase,89.07,Pune,2026-01-15
766,40,impression,83.06,Pune,2026-01-11
767,36,impression,126.21,Mumbai,2026-01-26
768,9,lead,331.46,Bangalore,2026-01-17
769,31,purchase,109.17,Mumbai,2026-01-05
770,39,purchase,373.41,Bangalore,2026-01-18
771,36,lead,398.73,Bangalore,2026-01-28
772,19,purchase,190.78,Pune,2026-01-02
773,39,click,205.76,Bangalore,2026-01-13
774,4,impression,405.48,Bangalore,2026-01-04
775,4,lead,169.05,Mumbai,2026-01-20
776,24,lead,374.15,Mumbai,2026-01-28
777,33,impression,126.53,Bangalore,2026-01-11
778,34,lead,485.21,Delhi,2026-01-07
779,28,lead,454.23,Bangalore,2026-01-10
780,35,lead,207.54,Mumbai,2026-01-21
781,25,click,498.97,Pune,2026-01-28
782,40,lead,236.84,Pune,2026-01-26
783,9,purchase,204.06,Mumbai,2026-01-17
784,3,lead,242.15,Pune,2026-01-01
785,34,purchase,376.57,Mumbai,2026-01-15
786,7,impression,161.82,Delhi,2026-01-27
787,24,lead,354.88,Bangalore,2026-01-25
788,2,impression,343.6,Bangalore,2026-01-06
789,12,click,77.51,Pune,2026-01-26
790,34,purchase,459.72,Mumbai,2026-01-17
791,5,impression,236.24,Bangalore,2026-01-08
792,38,lead,30.87,Delhi,2026-01-15
793,19,purchase,94.23,Mumbai,2026-01-12
794,25,click,202.55,Delhi,2026-01-27
795,24,impression,441.22,Mumbai,2026-01-04
796,25,click,435.5,Delhi,2026-01-20
797,3,lead,59.59,Delhi,2026-01-06
798,32,purchase,26.59,Delhi,2026-01-24
799,20,impression,387.47,Delhi,2026-01-02
800,11,click,105.63,Delhi,2026-01-20
801,21,click,440.7,Pune,2026-01-07
802,35,click,431.22,Delhi,2026-01-25
803,30,impression,469.51,Mumbai,2026-01-14
804,39,lead,181.4,Mumbai,2026-01-21
805,19,lead,262.64,Pune,2026-01-16
806,37,purchase,221.72,Delhi,2026-01-26
807,34,lead,421.65,Mumbai,2026-01-25
808,13,purchase,443.89,Pune,2026-01-03
809,22,lead,148.67,Bangalore,2026-01-03
810,3,purchase,133.88,Bangalore,2026-01-11
811,5,click,66.05,Delhi,2026-01-08
812,28,purchase,315.85,Delhi,2026-01-16
813,4,click,400.81,Mumbai,2026-01-08
814,36,click,268.59,Pune,2026-01-12
815,36,impression,394.02,Pune,2026-01-22
816,11,impression,73.37,Pune,2026-01-14
817,34,purchase,88.7,Delhi,2026-01-05
818,15,lead,355.4,Delhi,2026-01-17
819,15,impression,486.66,Pune,2026-01-03
820,10,click,52.35,Delhi,2026-01-10
821,10,click,425.3,Delhi,2026-01-09
822,31,impression,392.26,Mumbai,2026-01-20
823,33,impression,368.65,Bangalore,2026-01-10
824,33,lead,251.01,Bangalore,2026-01-28
825,13,purchase,488.41,Mumbai,2026-01-07
826,11,click,173.38,Pune,2026-01-14
827,35,impression,438.04,Delhi,2026-01-05
828,15,lead,315.93,Mumbai,2026-01-03
829,18,lead,190.64,Delhi,2026-01-22
830,31,click,101.41,Delhi,2026-01-06
831,10,click,348.69,Bangalore,2026-01-05
832,27,impression,198.14,Mumbai,2026-01-12
833,13,purchase,242.34,Pune,2026-01-20
834,17,purchase,52.99,Mumbai,2026-01-01
835,12,impression,71.6,Delhi,2026-01-19
836,21,lead,193.14,Mumbai,2026-01-05
837,26,lead,127.52,Mumbai,2026-01-28
838,7,lead,34.94,Bangalore,2026-01-18
839,13,impression,173.61,Pune,2026-01-21
840,14,impression,415.93,Pune,2026-01-28
841,34,impression,94.27,Mumbai,2026-01-04
842,5,impression,440.08,Bangalore,2026-01-21
843,2,impression,31.96,Delhi,2026-01-09
844,13,impression,42.23,Pune,2026-01-20
845,21,lead,104.5,Mumbai,2026-01-26
846,32,click,22.94,Pune,2026-01-07
847,21,lead,367.07,Pune,2026-01-18
848,7,purchase,463.12,Pune,2026-01-18
849,29,click,182.45,Bangalore,2026-01-05
850,40,purchase,308.07,Mumbai,2026-01-12
851,17,purchase,498.12,Pune,2026-01-21
852,18,purchase,386.08,Bangalore,2026-01-22
853,37,impression,327.21,Mumbai,2026-01-05
854,3,lead,91.1,Pune,2026-01-21
855,18,click,177.56,Bangalore,2026-01-06
856,17,purchase,217.11,Mumbai,2026-01-04
857,28,click,15.5,Mumbai,2026-01-17
858,12,impression,330.09,Pune,2026-01-23
859,6,lead,430.7,Pune,2026-01-23
860,14,click,137.36,Mumbai,2026-01-02
861,36,click,134.58,Delhi,2026-01-23
862,4,click,55.97,Bangalore,2026-01-14
863,2,click,464.06,Mumbai,2026-01-04
864,18,click,45.97,Mumbai,2026-01-14
865,16,impression,253.04,Pune,2026-01-14
866,21,click,161.22,Pune,2026-01-15
867,20,lead,164.63,Delhi,2026-01-14
868,11,purchase,158.0,Bangalore,2026-01-12
869,28,click,385.07,Mumbai,2026-01-26
870,35,lead,263.02,Delhi,2026-01-28
871,5,click,34.67,Pune,2026-01-01
872,12,lead,262.84,Delhi,2026-01-16
873,12,click,492.45,Mumbai,2026-01-22
874,12,purchase,347.21,Bangalore,2026-01-23
875,2,lead,10.19,Mumbai,2026-01-21
876,2,impression,409.37,Delhi,2026-01-01
877,21,lead,276.18,Pune,2026-01-20
878,10,lead,411.95,Bangalore,2026-01-21
879,9,impression,414.63,Delhi,2026-01-23
880,1,purchase,499.98,Pune,2026-01-24
881,3,lead,496.15,Bangalore,2026-01-08
882,14,impression,493.04,Pune,2026-01-12
883,17,lead,39.25,Mumbai,2026-01-24
884,10,click,55.61,Pune,2026-01-17
885,6,lead,21.91,Delhi,2026-01-08
886,30,purchase,38.07,Pune,2026-01-01
887,33,click,177.39,Mumbai,2026-01-25
888,22,purchase,68.05,Mumbai,2026-01-15
889,5,lead,172.69,Mumbai,2026-01-06
890,32,purchase,136.33,Bangalore,2026-01-24
891,38,click,95.74,Pune,2026-01-22
892,12,click,41.53,Bangalore,2026-01-09
893,15,purchase,448.26,Mumbai,2026-01-20
894,18,impression,456.66,Delhi,2026-01-11
895,27,click,92.13,Delhi,2026-01-01
896,26,lead,278.96,Bangalore,2026-01-24
897,25,purchase,321.73,Pune,2026-01-21
898,12,lead,233.31,Mumbai,2026-01-02
899,2,click,182.63,Delhi,2026-01-14
900,7,click,105.24,Mumbai,2026-01-13
901,1,purchase,11.93,Pune,2026-01-18
902,39,purchase,244.54,Mumbai,2026-01-05
903,17,click,229.52,Bangalore,2026-01-05
904,16,click,239.92,Pune,2026-01-18
905,17,lead,263.64,Mumbai,2026-01-03
906,6,purchase,71.23,Pune,2026-01-05
907,28,impression,194.49,Delhi,2026-01-02
908,18,lead,199.94,Delhi,2026-01-15
909,8,lead,350.87,Pune,2026-01-10
910,12,lead,404.48,Mumbai,2026-01-14
911,7,purchase,64.27,Pune,2026-01-18
912,4,purchase,481.89,Delhi,2026-01-07
913,40,purchase,247.53,Delhi,2026-01-16
914,28,lead,400.57,Bangalore,2026-01-02
915,16,purchase,69.67,Pune,2026-01-16
916,16,lead,65.78,Pune,2026-01-17
917,20,impression,375.3,Pune,2026-01-04
918,8,purchase,184.69,Pune,2026-01-20
919,29,lead,147.45,Pune,2026-01-05
920,25,click,30.88,Pune,2026-01-03
921,12,lead,418.29,Pune,2026-01-15
922,7,purchase,62.52,Delhi,2026-01-06
923,35,purchase,85.85,Bangalore,2026-01-03
924,24,purchase,158.62,Pune,2026-01-22
925,40,purchase,335.78,Pune,2026-01-12
926,31,purchase,364.78,Mumbai,2026-01-17
927,33,impression,410.42,Mumbai,2026-01-08
928,13,lead,108.73,Delhi,2026-01-12
929,20,lead,415.34,Pune,2026-01-12
930,2,lead,498.96,Bangalore,2026-01-25
931,19,purchase,151.87,Pune,2026-01-28
932,26,impression,330.44,Pune,2026-01-17
933,40,impression,488.88,Delhi,2026-01-03
934,12,purchase,257.19,Mumbai,2026-01-18
935,29,click,259.72,Delhi,2026-01-08
936,24,lead,301.48,Bangalore,2026-01-09
937,15,click,370.39,Mumbai,2026-01-11
938,20,click,207.3,Pune,2026-01-03
939,9,impression,122.94,Mumbai,2026-01-17
940,14,purchase,17.13,Mumbai,2026-01-21
941,18,impression,81.39,Pune,2026-01-23
942,8,lead,277.0,Delhi,2026-01-05
943,1,click,177.1,Delhi,2026-01-26
944,5,click,274.9,Pune,2026-01-19
945,35,impression,419.57,Delhi,2026-01-07
946,23,purchase,204.57,Mumbai,2026-01-09
947,21,purchase,152.81,Bangalore,2026-01-25
948,32,purchase,464.87,Pune,2026-01-26
949,36,click,458.13,Bangalore,2026-01-10
950,2,impression,238.74,Mumbai,2026-01-21
951,23,lead,67.82,Bangalore,2026-01-13
952,36,impression,334.54,Delhi,2026-01-07
953,25,purchase,11.91,Bangalore,2026-01-14
954,20,click,493.28,Bangalore,2026-01-03
955,6,purchase,260.41,Delhi,2026-01-18
956,36,impression,295.69,Bangalore,2026-01-14
957,30,impression,383.18,Mumbai,2026-01-24
958,3,lead,141.79,Pune,2026-01-22
959,27,lead,343.23,Bangalore,2026-01-18
960,16,click,17.46,Delhi,2026-01-03
961,29,impression,430.77,Bangalore,2026-01-21
962,39,lead,237.25,Bangalore,2026-01-05
963,39,impression,168.91,Bangalore,2026-01-18
964,13,purchase,155.45,Delhi,2026-01-23
965,2,click,350.99,Pune,2026-01-04
966,6,click,253.54,Pune,2026-01-16
967,28,click,220.23,Bangalore,2026-01-12
968,32,purchase,132.46,Mumbai,2026-01-17
969,37,impression,465.02,Delhi,2026-01-10
970,8,lead,108.59,Mumbai,2026-01-16
971,38,impression,499.58,Delhi,2026-01-08
972,11,impression,47.31,Bangalore,2026-01-08
973,4,purchase,189.96,Bangalore,2026-01-12
974,6,purchase,444.66,Delhi,2026-01-16
975,12,impression,349.81,Mumbai,2026-01-21
976,39,purchase,27.04,Mumbai,2026-01-23
977,36,impression,118.78,Mumbai,2026-01-25
978,11,lead,157.06,Mumbai,2026-01-17
979,26,lead,332.97,Bangalore,2026-01-17
980,16,purchase,129.43,Pune,2026-01-04
981,13,lead,425.56,Pune,2026-01-02
982,13,click,465.91,Pune,2026-01-18
983,18,impression,136.08,Mumbai,2026-01-04
984,1,click,268.72,Pune,2026-01-09
985,37,purchase,171.18,Mumbai,2026-01-07
986,19,impression,434.35,Pune,2026-01-03
987,32,lead,242.66,Delhi,2026-01-05
988,11,click,249.38,Pune,2026-01-01
989,7,lead,289.41,Delhi,2026-01-22
990,36,purchase,273.79,Delhi,2026-01-23
991,36,click,347.14,Pune,2026-01-18
992,34,impression,28.72,Pune,2026-01-17
993,33,purchase,208.55,Bangalore,2026-01-20
994,29,purchase,68.4,Bangalore,2026-01-08
995,3,impression,106.92,Delhi,2026-01-15
996,17,impression,492.04,Pune,2026-01-23
997,15,click,136.04,Delhi,2026-01-10
998,19,impression,482.21,Pune,2026-01-10
999,38,lead,83.7,Bangalore,2026-01-27
1000,36,lead,408.47,Pune,2026-01-06
