event_id,device_id,sensor_type,reading,event_time
1,108,humidity,56.47,2025-11-04 15:11:08
2,112,humidity,55.62,2025-11-10 08:59:57
3,120,pressure,73.79,2025-11-01 15:01:51
4,124,humidity,51.9,2025-11-10 12:39:45
5,107,humidity,80.08,2025-11-09 03:51:20
6,120,humidity,67.88,2025-11-04 12:32:09
7,126,humidity,56.15,2025-11-02 11:06:28
8,119,pressure,54.25,2025-11-05 23:30:17
9,121,pressure,60.24,2025-11-10 22:35:03
10,110,humidity,71.13,2025-11-06 12:08:03
11,136,humidity,25.4,2025-11-03 09:15:13
12,128,humidity,51.52,2025-11-08 10:53:10
13,127,pressure,29.5,2025-11-06 21:26:38
14,124,humidity,62.28,2025-11-09 14:03:28
15,117,temp,44.27,2025-11-04 12:06:04
16,121,temp,36.85,2025-11-01 04:28:27
17,136,temp,48.72,2025-11-06 16:34:20
18,119,humidity,49.73,2025-11-02 06:09:52
19,123,pressure,61.15,2025-11-08 08:37:20
20,117,temp,56.92,2025-11-10 15:37:37
21,102,humidity,41.7,2025-11-06 10:05:12
22,121,pressure,42.73,2025-11-04 16:13:00
23,128,pressure,33.1,2025-11-01 12:49:19
24,118,pressure,50.83,2025-11-09 00:02:00
25,134,pressure,28.19,2025-11-10 04:07:37
26,103,temp,73.8,2025-11-05 22:14:14
27,134,pressure,47.41,2025-11-04 10:14:19
28,133,temp,26.96,2025-11-01 14:17:40
29,115,humidity,45.52,2025-10-25 11:44:51
30,126,temp,76.71,2025-11-09 16:50:59
31,104,humidity,64.64,2025-11-07 18:36:43
32,124,humidity,64.6,2025-11-09 11:41:22
33,133,temp,56.4,2025-11-10 02:54:49
34,118,pressure,27.8,2025-11-05 04:35:12
35,111,humidity,47.07,2025-11-10 06:57:30
36,109,temp,28.98,2025-11-02 05:04:35
37,127,pressure,49.2,2025-11-10 14:23:13
38,131,humidity,41.94,2025-11-04 14:18:21
39,130,humidity,69.21,2025-11-02 11:41:29
40,113,pressure,85.51,2025-11-04 11:03:54
41,134,pressure,44.15,2025-11-03 09:04:15
42,125,pressure,35.13,2025-11-10 14:29:57
43,121,temp,73.38,2025-11-01 10:21:56
44,126,pressure,53.96,2025-11-01 16:04:24
45,106,pressure,54.88,2025-11-09 07:59:52
46,134,humidity,78.66,2025-11-01 03:16:14
47,107,temp,58.64,2025-11-08 18:19:47
48,119,pressure,40.01,2025-11-06 05:36:56
49,101,pressure,42.26,2025-11-09 09:47:20
50,127,humidity,57.03,2025-11-05 09:58:40
51,125,temp,60.88,2025-11-01 03:53:28
52,132,humidity,35.43,2025-11-10 02:51:27
53,109,pressure,79.9,2025-11-06 13:58:21
54,116,temp,31.5,2025-11-10 17:53:02
55,102,temp,22.27,2025-11-05 23:46:56
56,107,pressure,51.16,2025-11-04 22:59:39
57,107,humidity,9.39,2025-11-05 11:38:55
58,106,humidity,43.6,2025-11-05 13:43:01
59,117,temp,75.06,2025-11-09 21:57:33
60,117,temp,49.07,2025-11-06 03:26:34
61,137,humidity,27.67,2025-11-08 19:32:38
62,106,humidity,45.07,2025-11-09 13:21:59
63,109,pressure,43.43,2025-11-10 11:42:42
64,112,humidity,71.37,2025-11-10 11:25:31
65,101,pressure,53.99,2025-11-04 10:51:00
66,102,humidity,35.95,2025-11-09 00:57:09
67,116,pressure,62.05,2025-11-05 04:48:36
68,118,humidity,55.64,2025-11-05 20:30:57
69,114,pressure,45.3,2025-11-05 04:02:02
70,102,temp,70.42,2025-11-01 00:45:55
71,123,humidity,60.88,2025-11-05 11:09:53
72,110,temp,38.11,2025-11-09 05:51:14
73,110,pressure,63.99,2025-11-08 11:46:11
74,117,pressure,53.0,2025-11-01 05:52:27
75,138,humidity,61.13,2025-11-09 17:15:48
76,107,humidity,62.07,2025-11-02 20:26:06
77,128,temp,68.45,2025-11-04 05:08:58
78,113,pressure,43.5,2025-11-09 17:43:32
79,111,temp,68.49,2025-11-04 06:52:08
80,134,humidity,21.81,2025-11-07 04:16:18
81,125,temp,40.86,2025-11-01 14:07:47
82,106,humidity,35.12,2025-11-10 14:24:28
83,117,humidity,41.37,2025-11-09 10:10:51
84,126,pressure,35.93,2025-11-03 03:47:22
85,113,pressure,43.25,2025-11-10 07:32:12
86,122,temp,71.49,2025-11-07 18:39:38
87,118,humidity,35.17,2025-11-05 06:47:00
88,120,temp,46.99,2025-11-10 22:03:06
89,133,temp,57.81,2025-11-07 20:26:31
90,115,pressure,44.94,2025-11-01 19:15:24
91,133,pressure,42.11,2025-11-06 14:19:55
92,101,temp,62.64,2025-11-06 19:17:35
93,102,temp,45.48,2025-11-07 12:20:03
94,114,temp,52.83,2025-11-01 18:20:33
95,122,pressure,47.87,2025-11-05 13:56:46
96,116,pressure,64.87,2025-11-03 03:43:07
97,107,pressure,40.85,2025-11-07 04:11:11
98,125,humidity,75.34,2025-11-09 23:50:41
99,123,humidity,41.71,2025-11-01 14:46:01
100,126,temp,32.94,2025-11-10 21:36:21
101,100,humidity,41.28,2025-11-07 10:29:47
102,100,pressure,58.86,2025-11-02 06:34:07
103,126,temp,50.26,2025-11-09 18:12:09
104,138,pressure,62.99,2025-11-05 17:32:26
105,122,humidity,32.42,2025-11-08 22:10:01
106,106,temp,37.09,2025-11-03 14:07:47
107,131,pressure,30.41,2025-11-08 12:04:50
108,101,temp,34.33,2025-11-04 11:49:45
109,123,pressure,62.85,2025-11-07 00:02:54
110,133,humidity,63.3,2025-11-07 14:10:36
111,132,pressure,40.65,2025-11-09 05:55:29
112,116,pressure,34.4,2025-11-01 05:20:02
113,101,humidity,46.2,2025-11-09 14:51:25
114,131,pressure,56.84,2025-11-01 12:15:02
115,128,pressure,50.39,2025-11-07 09:54:46
116,115,humidity,85.57,2025-11-02 08:57:03
117,113,temp,29.71,2025-11-06 14:30:11
118,131,temp,58.97,2025-11-01 16:01:29
119,107,humidity,33.57,2025-11-07 16:20:19
120,116,humidity,67.99,2025-11-07 00:16:16
121,122,pressure,40.96,2025-11-09 21:45:00
122,124,humidity,48.07,2025-11-02 07:22:55
123,104,pressure,60.36,2025-11-04 11:19:37
124,103,pressure,46.66,2025-11-10 06:22:31
125,100,humidity,50.35,2025-11-07 03:34:34
126,126,pressure,69.89,2025-11-06 21:39:00
127,128,pressure,27.03,2025-11-01 06:18:06
128,118,temp,43.43,2025-11-08 00:55:08
129,135,pressure,32.92,2025-11-03 12:08:39
130,131,temp,72.09,2025-11-01 19:20:13
131,120,temp,65.88,2025-11-09 16:07:51
132,104,humidity,55.43,2025-11-01 05:09:18
133,121,pressure,65.12,2025-11-01 20:28:57
134,135,temp,46.08,2025-11-10 01:59:19
135,104,humidity,52.63,2025-11-04 17:23:54
136,107,temp,57.99,2025-11-06 16:19:46
137,103,humidity,32.37,2025-11-05 21:55:25
138,122,pressure,50.93,2025-11-09 21:02:47
139,120,temp,38.92,2025-11-09 20:33:01
140,132,temp,25.72,2025-11-06 16:05:03
141,103,pressure,23.31,2025-11-01 15:12:01
142,126,humidity,53.16,2025-11-01 11:32:10
143,103,temp,28.74,2025-11-04 00:20:44
144,114,pressure,63.15,2025-11-02 07:36:15
145,137,pressure,50.62,2025-11-05 14:38:36
146,118,pressure,62.82,2025-11-08 20:37:50
147,131,pressure,22.65,2025-11-01 09:26:34
148,138,temp,78.5,2025-11-04 00:49:49
149,131,temp,39.22,2025-11-04 15:40:05
150,131,temp,43.54,2025-11-05 15:34:13
151,111,humidity,34.5,2025-11-01 02:19:03
152,132,pressure,43.13,2025-11-03 10:05:53
153,130,temp,62.86,2025-11-03 19:00:18
154,118,temp,34.85,2025-11-03 11:26:31
155,122,humidity,42.1,2025-11-09 21:23:40
156,131,temp,44.01,2025-11-06 09:30:37
157,117,humidity,24.46,2025-11-05 19:51:01
158,106,humidity,38.82,2025-11-02 15:32:56
159,108,temp,58.74,2025-11-09 19:13:25
160,104,humidity,70.22,2025-11-07 16:09:11
161,134,humidity,31.92,2025-11-06 21:37:42
162,127,temp,57.97,2025-11-03 09:27:49
163,118,pressure,61.83,2025-11-09 10:52:46
164,139,humidity,22.3,2025-11-02 07:09:19
165,132,temp,64.43,2025-11-05 23:51:29
166,135,humidity,35.33,2025-11-10 16:02:42
167,107,temp,29.43,2025-11-01 00:51:15
168,102,humidity,57.67,2025-11-04 19:58:34
169,138,humidity,62.71,2025-11-04 01:41:22
170,106,humidity,43.15,2025-11-04 10:17:02
171,106,pressure,68.62,2025-11-08 16:50:25
172,137,pressure,60.96,2025-11-09 01:16:43
173,111,humidity,57.56,2025-11-05 07:11:09
174,137,temp,46.74,2025-11-06 08:25:05
175,122,pressure,46.45,2025-11-02 16:05:34
176,129,temp,72.23,2025-11-08 11:12:14
177,104,humidity,25.79,2025-11-08 02:23:07
178,126,humidity,51.63,2025-11-10 04:04:44
179,129,temp,55.86,2025-11-03 19:29:05
180,139,humidity,25.9,2025-11-08 11:28:20
181,112,humidity,40.67,2025-11-01 05:52:21
182,118,humidity,42.24,2025-11-04 23:03:34
183,107,humidity,58.68,2025-11-05 07:18:22
184,135,humidity,43.46,2025-11-04 01:59:31
185,116,humidity,39.89,2025-11-07 19:16:34
186,139,humidity,30.18,2025-11-10 18:07:26
187,136,temp,11.31,2025-11-05 04:49:33
188,107,pressure,50.92,2025-11-08 11:59:15
189,135,temp,50.98,2025-11-03 08:32:17
190,132,temp,70.39,2025-11-07 14:52:18
191,126,pressure,77.96,2025-11-04 22:18:31
192,121,pressure,63.58,2025-11-06 18:45:56
193,124,pressure,12.42,2025-11-05 00:42:42
194,134,humidity,86.55,2025-11-05 07:24:32
195,136,pressure,63.02,2025-11-10 02:07:12
196,130,humidity,62.13,2025-11-08 16:15:28
197,136,humidity,24.08,2025-11-05 13:03:29
198,117,humidity,36.29,2025-11-02 04:33:35
199,114,humidity,46.47,2025-11-06 03:12:08
200,138,humidity,55.88,2025-11-06 03:13:05
201,135,pressure,62.02,2025-11-07 23:42:04
202,120,humidity,51.38,2025-11-07 15:35:11
203,126,temp,44.97,2025-11-02 23:58:49
204,139,temp,39.36,2025-11-09 23:22:01
205,105,temp,55.52,2025-11-07 02:04:23
206,137,pressure,64.2,2025-11-06 00:43:43
207,132,temp,48.28,2025-11-02 22:23:42
208,131,pressure,27.5,2025-11-02 02:47:19
209,125,temp,48.64,2025-11-10 06:20:32
210,109,temp,78.86,2025-11-04 06:04:57
211,109,pressure,89.66,2025-11-09 10:52:56
212,129,humidity,55.99,2025-11-04 04:03:55
213,132,temp,63.82,2025-11-02 02:58:41
214,122,pressure,47.29,2025-11-04 13:59:07
215,110,pressure,86.82,2025-11-01 15:01:45
216,109,pressure,50.16,2025-11-09 05:57:23
217,118,temp,47.05,2025-11-04 02:24:16
218,121,pressure,64.0,2025-11-01 03:24:54
219,122,humidity,26.07,2025-11-02 21:51:52
220,103,pressure,76.53,2025-11-08 16:53:21
221,127,temp,29.33,2025-11-06 04:22:40
222,134,humidity,41.33,2025-11-03 17:08:40
223,109,pressure,55.41,2025-11-07 22:36:38
224,116,temp,55.93,2025-11-05 13:51:39
225,135,temp,62.44,2025-10-25 03:22:23
226,129,temp,65.69,2025-11-10 16:25:10
227,100,humidity,74.95,2025-11-10 07:18:29
228,135,humidity,50.28,2025-11-01 17:13:25
229,100,pressure,69.23,2025-11-05 13:45:09
230,100,temp,34.6,2025-11-02 10:43:45
231,111,pressure,90.23,2025-11-08 15:05:09
232,120,pressure,27.53,2025-11-06 20:56:08
233,101,temp,62.19,2025-11-05 09:17:02
234,107,temp,64.49,2025-11-09 11:57:54
235,106,temp,64.14,2025-11-07 10:25:56
236,115,humidity,37.63,2025-11-06 22:22:14
237,104,pressure,30.85,2025-11-09 06:47:42
238,137,temp,43.77,2025-11-05 07:29:40
239,136,pressure,63.12,2025-11-08 15:57:37
240,106,humidity,47.2,2025-11-06 14:27:40
241,111,pressure,59.27,2025-11-08 10:18:53
242,115,pressure,62.31,2025-11-10 01:07:31
243,127,pressure,23.0,2025-11-03 20:08:57
244,120,humidity,45.84,2025-11-06 23:36:42
245,107,pressure,39.19,2025-11-10 11:54:27
246,108,temp,,2025-11-05 20:44:56
247,110,temp,59.53,2025-11-04 16:00:13
248,125,humidity,59.81,2025-11-09 07:27:20
249,108,humidity,30.85,2025-11-03 09:32:24
250,132,humidity,37.88,2025-11-04 06:53:02
251,102,temp,62.11,2025-11-08 06:24:13
252,123,humidity,43.5,2025-11-02 21:52:42
253,109,humidity,70.31,2025-11-05 09:12:16
254,102,temp,74.64,2025-11-05 12:55:42
255,124,humidity,30.45,2025-11-04 07:37:44
256,117,pressure,64.01,2025-11-10 23:01:35
257,115,humidity,53.19,2025-11-03 11:44:08
258,126,temp,42.52,2025-11-02 06:33:57
259,129,humidity,66.36,2025-11-03 14:21:59
260,124,humidity,33.39,2025-11-05 00:14:01
261,106,pressure,69.67,2025-11-08 13:32:15
262,106,temp,52.09,2025-11-05 10:06:10
263,130,temp,60.37,2025-11-10 06:37:47
264,136,pressure,51.5,2025-11-08 23:55:42
265,122,pressure,64.86,2025-11-08 05:06:37
266,112,humidity,51.58,2025-11-06 02:13:39
267,103,pressure,83.15,2025-11-10 13:05:43
268,114,humidity,53.45,2025-11-02 05:09:14
269,110,temp,37.31,2025-11-05 06:18:29
270,122,humidity,55.45,2025-11-01 20:24:19
271,128,pressure,19.98,2025-11-02 17:24:44
272,126,pressure,38.13,2025-11-07 01:23:54
273,134,humidity,41.72,2025-11-05 17:52:26
274,133,humidity,63.14,2025-11-09 00:08:21
275,119,pressure,45.47,2025-11-01 03:53:31
276,131,pressure,23.9,2025-11-07 12:13:40
277,126,pressure,62.24,2025-11-10 21:41:27
278,110,humidity,48.56,2025-11-05 22:37:40
279,123,humidity,59.12,2025-11-04 23:50:20
280,127,humidity,49.51,2025-11-09 00:38:20
281,111,pressure,56.94,2025-11-10 16:54:02
282,108,temp,56.27,2025-11-04 00:40:05
283,127,pressure,47.12,2025-11-07 02:11:54
284,125,temp,63.23,2025-11-03 06:15:09
285,119,pressure,43.54,2025-11-08 01:29:55
286,103,humidity,62.87,2025-11-04 21:05:24
287,136,humidity,63.25,2025-11-07 09:51:53
288,136,temp,37.42,2025-11-10 21:55:30
289,138,humidity,43.41,2025-11-03 07:58:27
290,118,pressure,49.34,2025-11-03 14:41:53
291,139,humidity,48.38,2025-11-01 01:55:47
292,116,humidity,29.65,2025-11-09 09:46:00
293,119,humidity,79.61,2025-11-04 09:40:42
294,125,temp,46.09,2025-11-02 18:09:20
295,111,humidity,51.35,2025-11-07 00:13:08
296,136,humidity,49.44,2025-11-06 10:50:44
297,125,humidity,58.1,2025-11-09 20:38:48
298,138,humidity,36.51,2025-11-06 22:30:22
299,101,temp,52.81,2025-11-08 13:00:22
300,104,temp,41.71,2025-11-07 16:12:33
301,119,pressure,44.09,2025-11-02 05:42:29
302,128,pressure,29.95,2025-11-03 01:48:19
303,119,temp,64.78,2025-11-09 20:10:33
304,130,temp,50.05,2025-11-09 22:29:24
305,133,pressure,43.9,2025-11-09 21:04:30
306,110,humidity,51.71,2025-11-07 03:55:52
307,105,humidity,70.37,2025-11-08 08:11:24
308,131,temp,31.39,2025-11-04 20:05:21
309,135,temp,43.31,2025-11-02 11:16:41
310,112,temp,68.2,2025-11-05 13:24:29
311,100,temp,60.98,2025-11-08 09:10:57
312,121,temp,16.52,2025-11-06 22:03:17
313,130,temp,64.3,2025-11-07 00:12:56
314,109,pressure,49.45,2025-11-09 09:10:10
315,121,pressure,35.53,2025-11-06 23:11:32
316,103,humidity,66.77,2025-11-03 01:26:46
317,122,pressure,37.52,2025-11-06 18:39:25
318,128,temp,49.41,2025-11-05 01:39:56
319,102,humidity,44.41,2025-11-08 15:28:13
320,101,humidity,39.72,2025-11-01 18:50:29
321,102,humidity,53.34,2025-11-01 19:34:04
322,106,humidity,58.71,2025-11-02 17:10:39
323,131,temp,30.46,2025-11-09 06:20:22
324,119,pressure,76.42,2025-11-01 20:02:53
325,114,humidity,54.65,2025-11-02 00:46:08
326,116,pressure,49.95,2025-11-03 22:07:05
327,106,humidity,56.96,2025-11-07 13:08:42
328,103,temp,41.89,2025-11-02 20:36:00
329,120,humidity,53.25,2025-11-01 19:21:38
330,100,humidity,74.84,2025-11-03 06:36:58
331,112,temp,41.52,2025-11-06 19:03:53
332,117,humidity,59.47,2025-11-01 15:20:19
333,118,pressure,35.2,2025-11-08 22:53:11
334,124,humidity,19.35,2025-11-10 05:51:25
335,109,humidity,53.13,2025-11-08 06:40:44
336,127,humidity,41.17,2025-11-03 12:44:46
337,104,pressure,18.21,2025-11-02 05:51:52
338,111,humidity,69.06,2025-11-06 07:10:59
339,134,pressure,59.5,2025-11-07 14:45:30
340,105,humidity,37.92,2025-11-09 10:03:39
341,106,temp,72.57,2025-11-08 13:37:55
342,114,temp,35.09,2025-11-01 23:19:49
343,125,temp,46.13,2025-11-03 16:43:15
344,134,humidity,33.34,2025-11-10 23:11:48
345,120,pressure,37.05,2025-11-01 05:50:24
346,100,humidity,55.6,2025-11-06 04:26:33
347,106,pressure,71.43,2025-11-07 05:27:09
348,100,pressure,52.85,2025-11-05 17:50:58
349,133,temp,49.54,2025-11-01 10:00:46
350,115,pressure,58.43,2025-11-07 12:58:40
351,106,temp,56.97,2025-11-10 15:27:50
352,114,pressure,54.31,2025-11-03 23:01:16
353,121,temp,27.35,2025-11-08 04:11:53
354,125,temp,38.99,2025-11-09 14:46:49
355,127,pressure,55.05,2025-11-03 21:13:53
356,122,humidity,62.78,2025-11-08 22:12:21
357,131,temp,44.34,2025-11-07 14:53:08
358,125,pressure,62.32,2025-11-04 17:16:24
359,121,temp,65.19,2025-11-05 11:40:35
360,122,humidity,27.25,2025-11-08 18:14:34
361,119,pressure,43.46,2025-11-10 22:53:56
362,114,pressure,21.39,2025-11-10 03:33:57
363,136,humidity,43.85,2025-11-02 03:41:08
364,131,temp,40.95,2025-11-08 01:10:33
365,106,temp,44.39,2025-11-10 09:31:40
366,137,pressure,44.34,2025-11-02 05:21:57
367,135,pressure,17.5,2025-11-02 21:01:21
368,122,temp,62.08,2025-11-10 13:45:04
369,121,temp,56.15,2025-11-09 17:29:48
370,123,humidity,49.36,2025-11-09 07:30:01
371,114,humidity,51.11,2025-11-01 01:26:10
372,119,temp,75.11,2025-11-09 06:01:11
373,109,humidity,21.76,2025-11-04 02:47:43
374,136,humidity,57.24,2025-11-09 17:36:53
375,112,pressure,43.51,2025-11-02 18:17:34
376,117,temp,55.71,2025-11-08 09:27:23
377,120,temp,51.03,2025-11-02 03:22:56
378,111,humidity,10.53,2025-11-07 01:53:40
379,133,pressure,43.67,2025-11-06 21:04:20
380,105,humidity,34.84,2025-11-01 22:45:20
381,104,temp,59.03,2025-11-06 15:11:27
382,135,temp,61.52,2025-11-04 19:39:49
383,127,pressure,54.81,2025-11-09 06:57:10
384,118,temp,57.09,2025-11-04 03:44:02
385,128,temp,45.85,2025-11-01 01:49:07
386,118,pressure,74.36,2025-11-04 12:30:02
387,117,temp,67.72,2025-11-09 21:30:48
388,115,temp,64.62,2025-11-09 16:50:54
389,132,pressure,86.37,2025-11-09 02:30:36
390,113,pressure,51.02,2025-11-03 17:52:11
391,132,temp,35.79,2025-11-08 01:41:25
392,111,temp,55.17,2025-11-06 03:48:06
393,121,temp,67.66,2025-11-05 11:14:23
394,117,temp,58.44,2025-10-25 16:13:40
395,109,temp,34.68,2025-11-02 07:54:56
396,137,humidity,64.59,2025-11-02 06:26:04
397,110,pressure,30.39,2025-11-04 10:36:28
398,123,humidity,26.29,2025-11-05 23:53:55
399,139,humidity,,2025-11-09 17:45:14
400,122,pressure,51.76,2025-11-10 21:57:35
401,124,humidity,39.86,2025-11-02 14:35:49
402,108,temp,26.0,2025-11-01 17:35:37
403,138,temp,60.84,2025-11-03 04:13:17
404,131,pressure,9.63,2025-11-08 06:47:08
405,123,pressure,52.86,2025-11-08 16:26:34
406,122,humidity,38.35,2025-11-05 22:04:52
407,118,pressure,65.68,2025-11-05 02:39:42
408,105,pressure,34.69,2025-11-05 16:41:20
409,129,temp,50.65,2025-11-05 10:38:39
410,128,pressure,48.81,2025-11-07 14:55:17
411,120,humidity,55.16,2025-11-01 19:40:30
412,131,humidity,52.24,2025-11-09 23:10:22
413,117,pressure,59.96,2025-11-08 16:21:55
414,138,temp,53.59,2025-11-09 13:50:50
415,125,humidity,54.74,2025-11-03 06:48:01
416,113,humidity,74.85,2025-11-04 23:57:27
417,136,temp,53.39,2025-11-08 14:53:16
418,139,pressure,52.74,2025-11-01 17:34:26
419,114,temp,74.11,2025-11-01 06:33:39
420,109,pressure,57.26,2025-11-09 04:49:03
421,105,temp,36.45,2025-11-07 09:42:14
422,116,pressure,41.5,2025-11-08 03:54:00
423,102,temp,49.91,2025-11-05 22:16:15
424,130,temp,64.43,2025-11-09 18:07:46
425,106,humidity,39.35,2025-11-07 20:39:59
426,119,temp,33.6,2025-11-02 09:35:46
427,128,humidity,78.2,2025-11-03 23:51:11
428,136,pressure,53.17,2025-11-02 08:18:48
429,135,temp,78.3,2025-11-10 16:11:34
430,103,temp,57.22,2025-11-10 08:03:14
431,132,humidity,54.65,2025-11-01 23:06:10
432,128,humidity,52.72,2025-11-01 22:02:07
433,106,pressure,54.08,2025-11-04 10:45:08
434,116,pressure,61.4,2025-11-03 06:19:43
435,127,temp,49.74,2025-11-02 12:21:40
436,135,temp,55.7,2025-11-07 22:21:41
437,133,pressure,39.27,2025-11-07 00:14:03
438,100,pressure,,2025-11-02 16:50:31
439,106,temp,53.66,2025-11-05 07:10:46
440,101,temp,57.21,2025-11-09 15:26:30
441,138,temp,32.66,2025-11-05 13:35:42
442,104,humidity,56.96,2025-11-09 08:09:39
443,114,humidity,50.02,2025-11-06 14:01:45
444,126,pressure,80.91,2025-11-03 20:13:54
445,121,humidity,34.49,2025-11-08 00:21:41
446,103,temp,49.49,2025-11-08 07:43:08
447,123,temp,51.01,2025-11-06 09:38:25
448,129,pressure,48.79,2025-11-07 18:32:55
449,116,temp,51.68,2025-11-02 11:39:51
450,105,pressure,57.21,2025-11-02 12:49:27
451,107,humidity,56.67,2025-11-10 20:38:31
452,110,pressure,50.09,2025-11-07 02:01:26
453,114,pressure,38.49,2025-11-03 06:29:38
454,138,pressure,41.74,2025-11-01 04:57:45
455,125,pressure,53.9,2025-11-05 19:05:57
456,102,pressure,52.4,2025-11-06 23:33:27
457,103,humidity,45.46,2025-11-02 17:52:33
458,109,temp,52.08,2025-11-07 08:56:04
459,103,pressure,60.57,2025-11-06 01:46:15
460,121,humidity,71.23,2025-11-09 16:19:21
461,138,pressure,44.15,2025-11-05 22:41:19
462,116,humidity,59.83,2025-11-06 14:17:38
463,113,temp,56.52,2025-11-03 03:07:00
464,103,humidity,45.14,2025-11-05 22:32:44
465,128,temp,50.94,2025-11-04 06:26:40
466,102,humidity,48.46,2025-11-01 13:28:16
467,108,humidity,81.51,2025-11-04 08:26:45
468,110,pressure,55.66,2025-11-07 13:24:45
469,124,temp,63.18,2025-11-05 09:27:26
470,104,pressure,36.35,2025-10-25 11:39:50
471,118,temp,46.37,2025-11-09 20:35:50
472,116,pressure,34.31,2025-11-07 12:17:04
473,127,pressure,33.67,2025-11-05 04:12:34
474,101,humidity,49.24,2025-11-09 20:03:59
475,125,temp,34.92,2025-11-02 08:52:44
476,109,pressure,38.44,2025-11-02 05:09:56
477,132,pressure,46.53,2025-11-07 06:02:25
478,122,temp,42.21,2025-11-01 01:28:22
479,102,pressure,70.59,2025-11-06 23:04:57
480,107,humidity,59.89,2025-11-07 07:48:54
481,108,pressure,38.15,2025-11-06 22:54:41
482,126,humidity,36.2,2025-11-02 10:29:14
483,125,pressure,30.42,2025-11-06 04:03:37
484,135,pressure,63.84,2025-11-02 08:11:04
485,104,humidity,27.38,2025-11-04 13:56:03
486,128,temp,62.51,2025-11-10 14:24:06
487,100,pressure,58.94,2025-11-06 22:55:56
488,113,temp,51.23,2025-11-10 05:37:15
489,114,pressure,61.55,2025-11-05 19:01:04
490,107,humidity,72.34,2025-11-09 21:05:29
491,139,temp,34.7,2025-11-10 04:51:44
492,126,temp,46.43,2025-11-05 00:24:30
493,119,pressure,58.5,2025-11-08 00:47:37
494,113,humidity,55.23,2025-11-03 00:03:16
495,117,temp,56.14,2025-11-05 03:24:54
496,121,temp,51.57,2025-11-08 04:40:42
497,112,pressure,51.41,2025-11-01 17:37:43
498,121,pressure,34.15,2025-11-10 19:13:38
499,112,temp,62.01,2025-11-08 04:20:59
500,137,humidity,47.8,2025-11-05 11:17:53
501,121,humidity,45.23,2025-11-06 09:44:54
502,112,humidity,43.26,2025-11-10 10:51:25
503,107,pressure,61.27,2025-11-04 15:57:28
504,120,temp,64.85,2025-11-09 22:07:21
505,119,pressure,38.89,2025-11-10 11:25:35
506,116,pressure,65.59,2025-11-03 15:39:15
507,121,pressure,35.52,2025-11-06 17:31:52
508,103,temp,31.66,2025-11-01 14:45:04
509,136,temp,36.61,2025-11-06 09:36:02
510,127,temp,37.56,2025-11-02 18:45:14
511,112,pressure,60.56,2025-11-05 05:46:41
512,114,pressure,41.17,2025-11-09 10:03:46
513,132,temp,67.2,2025-11-08 23:13:04
514,102,temp,52.3,2025-11-08 23:24:05
515,102,pressure,70.31,2025-11-09 14:33:58
516,102,temp,72.93,2025-11-08 21:14:35
517,103,pressure,50.74,2025-11-07 14:31:35
518,107,pressure,57.62,2025-11-06 00:04:13
519,112,pressure,38.99,2025-11-09 21:38:42
520,106,temp,66.75,2025-11-06 14:25:43
521,132,humidity,46.14,2025-11-10 08:29:49
522,136,humidity,41.48,2025-11-07 11:52:58
523,116,humidity,49.9,2025-11-04 14:39:23
524,106,humidity,56.57,2025-11-01 01:17:59
525,135,humidity,55.2,2025-11-06 02:13:31
526,100,pressure,54.99,2025-11-08 06:38:37
527,102,temp,45.83,2025-11-07 20:44:53
528,139,humidity,57.97,2025-11-04 03:54:08
529,100,humidity,34.79,2025-11-10 05:37:00
530,127,pressure,82.89,2025-11-07 00:44:14
531,109,temp,59.67,2025-11-03 03:09:01
532,113,pressure,50.31,2025-11-03 18:46:29
533,118,temp,39.65,2025-11-04 23:40:58
534,124,temp,72.95,2025-11-04 09:57:13
535,116,pressure,72.98,2025-11-06 05:32:40
536,131,temp,21.76,2025-11-10 20:11:20
537,129,temp,47.26,2025-11-02 18:31:16
538,132,pressure,57.53,2025-11-04 20:56:11
539,115,humidity,40.16,2025-11-10 04:03:05
540,111,temp,41.89,2025-11-06 22:42:20
541,102,temp,,2025-11-03 15:03:12
542,117,humidity,54.27,2025-11-06 01:21:19
543,116,pressure,54.37,2025-11-01 11:11:53
544,126,humidity,19.62,2025-11-02 11:29:10
545,100,pressure,56.61,2025-11-08 01:53:52
546,137,humidity,58.05,2025-11-07 15:53:49
547,105,pressure,26.77,2025-11-05 02:01:40
548,132,temp,37.18,2025-11-09 07:53:30
549,127,pressure,37.97,2025-11-02 03:21:31
550,121,pressure,29.95,2025-11-04 00:07:31
551,104,temp,45.7,2025-11-03 04:43:46
552,117,humidity,55.8,2025-11-01 01:37:53
553,113,pressure,61.81,2025-11-04 11:38:51
554,112,temp,52.05,2025-11-06 06:15:05
555,117,humidity,66.7,2025-11-10 00:21:07
556,104,temp,63.09,2025-11-10 01:23:42
557,128,pressure,38.67,2025-11-10 20:02:15
558,120,humidity,48.93,2025-11-04 20:48:27
559,110,humidity,31.38,2025-11-06 08:06:44
560,133,temp,48.25,2025-11-10 17:13:49
561,132,temp,66.36,2025-11-03 17:06:39
562,117,humidity,55.4,2025-11-08 10:30:06
563,105,temp,47.28,2025-11-09 06:05:39
564,129,temp,60.19,2025-11-06 19:15:04
565,105,humidity,37.52,2025-11-01 09:39:53
566,119,temp,31.0,2025-11-08 13:26:20
567,105,humidity,22.73,2025-11-03 06:22:51
568,114,pressure,42.69,2025-11-07 18:15:56
569,116,temp,69.68,2025-11-02 20:45:17
570,127,humidity,46.42,2025-11-10 19:44:03
571,137,temp,72.77,2025-11-07 07:16:37
572,136,temp,6.61,2025-11-06 19:40:34
573,107,humidity,54.76,2025-11-04 14:30:48
574,102,temp,39.77,2025-11-05 23:33:39
575,129,temp,41.58,2025-11-03 11:25:50
576,115,temp,25.38,2025-11-10 16:00:24
577,124,humidity,56.48,2025-11-09 15:53:57
578,100,pressure,53.87,2025-11-08 18:17:56
579,118,pressure,67.39,2025-11-02 16:06:03
580,128,humidity,45.54,2025-11-10 17:55:13
581,111,humidity,75.19,2025-11-02 08:10:48
582,127,humidity,56.97,2025-11-03 18:20:49
583,102,humidity,45.68,2025-11-01 10:10:06
584,105,pressure,64.85,2025-11-06 05:05:37
585,121,pressure,60.51,2025-11-02 16:31:01
586,115,temp,61.0,2025-11-09 19:01:48
587,107,humidity,64.57,2025-11-10 16:47:12
588,139,humidity,33.98,2025-11-03 19:49:38
589,120,temp,30.62,2025-11-03 05:20:45
590,118,pressure,34.59,2025-11-05 23:36:59
591,127,humidity,68.96,2025-11-03 16:56:55
592,135,temp,31.79,2025-11-07 13:45:25
593,126,pressure,80.86,2025-11-08 08:42:43
594,108,humidity,58.47,2025-11-03 06:37:21
595,115,temp,49.35,2025-11-07 14:55:29
596,103,pressure,73.85,2025-11-08 12:51:14
597,110,pressure,42.81,2025-11-06 16:33:05
598,103,pressure,70.16,2025-11-10 16:29:24
599,108,humidity,23.6,2025-11-02 22:35:34
600,124,temp,28.13,2025-11-03 22:20:32
601,129,pressure,53.57,2025-11-05 06:59:34
602,116,temp,74.98,2025-11-10 18:17:53
603,100,humidity,52.89,2025-11-09 07:58:11
604,134,temp,55.31,2025-11-07 14:44:55
605,105,temp,20.7,2025-11-06 18:31:19
606,123,humidity,71.74,2025-11-08 08:40:36
607,111,temp,40.22,2025-11-09 04:47:03
608,137,pressure,72.09,2025-11-07 09:14:14
609,128,temp,45.05,2025-11-07 18:56:27
610,112,humidity,56.45,2025-11-05 17:53:02
611,121,humidity,31.2,2025-11-01 09:55:05
612,136,pressure,55.8,2025-11-06 21:21:31
613,119,humidity,47.1,2025-11-10 21:59:15
614,119,temp,62.2,2025-11-07 13:18:08
615,134,pressure,51.12,2025-11-08 02:39:07
616,122,pressure,71.62,2025-11-02 00:29:46
617,109,temp,39.85,2025-11-01 16:22:11
618,102,temp,33.25,2025-11-03 00:10:35
619,118,temp,66.16,2025-11-06 17:06:03
620,133,pressure,66.25,2025-11-02 20:37:23
621,108,pressure,72.86,2025-11-10 09:13:48
622,121,humidity,67.09,2025-11-03 08:13:45
623,131,humidity,26.89,2025-11-02 00:46:49
624,124,humidity,53.79,2025-11-10 12:14:24
625,133,humidity,58.06,2025-11-05 00:24:14
626,135,humidity,66.63,2025-11-03 22:52:30
627,105,humidity,46.3,2025-11-02 13:08:05
628,112,temp,34.16,2025-11-03 13:53:00
629,100,pressure,49.13,2025-11-07 03:42:36
630,121,temp,51.02,2025-11-04 17:04:47
631,116,pressure,61.87,2025-11-06 19:38:05
632,119,temp,52.01,2025-11-04 19:39:32
633,114,pressure,36.76,2025-11-05 22:37:28
634,100,humidity,59.45,2025-11-01 01:52:02
635,125,pressure,59.73,2025-11-01 00:22:46
636,133,humidity,19.77,2025-11-03 17:12:19
637,126,temp,47.37,2025-11-06 12:09:08
638,124,pressure,49.5,2025-11-01 17:54:04
639,114,temp,62.51,2025-11-03 14:23:17
640,133,temp,27.62,2025-11-07 03:21:53
641,100,humidity,35.41,2025-11-08 18:02:05
642,116,temp,70.94,2025-11-03 07:02:37
643,106,temp,82.34,2025-11-04 22:15:23
644,136,humidity,35.06,2025-11-06 16:18:28
645,119,pressure,48.76,2025-11-01 12:27:39
646,108,temp,38.99,2025-11-05 19:30:16
647,137,humidity,54.4,2025-11-02 02:51:09
648,117,temp,62.88,2025-11-02 23:08:27
649,124,humidity,66.8,2025-11-05 06:51:55
650,138,humidity,29.4,2025-11-07 21:48:23
651,106,pressure,60.21,2025-11-05 11:30:23
652,102,temp,47.87,2025-11-06 12:04:44
653,130,humidity,40.89,2025-11-09 16:52:53
654,123,pressure,43.61,2025-11-05 12:35:49
655,122,temp,70.87,2025-11-08 12:08:11
656,127,humidity,16.25,2025-11-04 13:29:28
657,107,humidity,55.82,2025-11-04 05:47:17
658,129,humidity,58.65,2025-11-09 07:56:02
659,114,temp,17.81,2025-11-06 05:50:26
660,119,humidity,53.48,2025-11-09 10:14:37
661,110,humidity,35.86,2025-11-10 22:37:59
662,113,humidity,53.8,2025-11-02 17:05:13
663,124,humidity,33.99,2025-11-01 06:37:22
664,126,pressure,40.14,2025-11-01 21:49:05
665,123,temp,56.08,2025-11-10 14:47:44
666,137,pressure,41.36,2025-11-03 18:34:34
667,105,humidity,41.31,2025-11-01 13:49:15
668,138,humidity,48.82,2025-11-04 16:43:43
669,129,humidity,42.84,2025-11-10 21:40:12
670,132,humidity,62.81,2025-11-06 19:39:58
671,111,pressure,64.48,2025-11-08 08:08:15
672,105,temp,36.29,2025-11-03 02:00:00
673,121,temp,44.57,2025-11-02 13:41:36
674,113,pressure,51.28,2025-11-08 04:11:53
675,109,pressure,55.85,2025-11-01 07:01:39
676,133,temp,34.42,2025-11-03 10:38:34
677,139,humidity,43.78,2025-11-04 23:05:03
678,114,temp,20.85,2025-11-07 02:19:01
679,135,humidity,53.6,2025-11-04 03:16:51
680,137,temp,62.85,2025-11-07 02:29:52
681,111,pressure,53.42,2025-11-06 18:36:49
682,132,pressure,61.19,2025-11-04 11:51:27
683,119,pressure,48.9,2025-11-10 11:35:18
684,124,pressure,53.6,2025-11-10 16:02:04
685,101,pressure,46.75,2025-11-07 23:45:02
686,104,pressure,41.04,2025-11-09 18:33:31
687,131,temp,50.94,2025-11-03 09:08:57
688,111,temp,62.5,2025-11-06 17:00:38
689,125,pressure,72.08,2025-11-07 10:52:43
690,126,temp,55.52,2025-11-07 18:02:09
691,112,humidity,41.74,2025-11-07 16:58:59
692,133,humidity,28.62,2025-11-06 19:23:17
693,132,temp,45.27,2025-11-02 17:45:47
694,109,humidity,44.77,2025-11-07 06:22:26
695,135,pressure,61.04,2025-11-03 13:55:25
696,139,pressure,25.54,2025-11-01 22:16:51
697,128,humidity,61.2,2025-11-08 05:23:18
698,133,temp,59.89,2025-11-02 21:40:31
699,127,temp,30.02,2025-11-03 15:01:56
700,122,pressure,76.86,2025-11-07 03:03:24
701,118,temp,37.53,2025-11-03 15:29:16
702,100,humidity,43.98,2025-11-05 04:34:33
703,132,humidity,63.23,2025-11-01 23:05:01
704,134,temp,53.09,2025-11-04 00:24:25
705,130,humidity,27.31,2025-11-08 11:59:03
706,101,pressure,58.65,2025-11-03 17:42:44
707,139,temp,17.26,2025-11-02 12:23:06
708,130,humidity,20.28,2025-11-03 10:01:59
709,120,pressure,76.79,2025-11-01 07:33:11
710,100,temp,69.81,2025-11-09 17:11:45
711,101,humidity,43.88,2025-11-07 06:39:51
712,136,humidity,48.38,2025-11-02 02:29:18
713,105,temp,52.36,2025-11-09 08:30:09
714,127,humidity,45.37,2025-11-06 19:34:49
715,135,humidity,94.6,2025-11-08 10:39:51
716,124,humidity,10.79,2025-11-02 03:43:25
717,139,humidity,35.89,2025-11-09 01:06:38
718,122,temp,15.86,2025-11-06 13:03:19
719,133,pressure,50.33,2025-11-10 16:42:43
720,106,temp,80.27,2025-11-01 01:14:49
721,102,pressure,53.0,2025-11-08 20:46:02
722,129,humidity,41.8,2025-11-05 13:26:28
723,129,temp,59.35,2025-11-06 10:52:15
724,133,temp,78.31,2025-11-10 18:36:16
725,120,temp,51.37,2025-11-07 13:40:10
726,111,temp,76.14,2025-11-08 07:06:23
727,112,humidity,21.04,2025-11-04 00:57:41
728,134,temp,58.82,2025-11-07 19:48:42
729,118,humidity,76.97,2025-11-07 04:48:11
730,108,humidity,62.89,2025-11-01 00:32:15
731,137,humidity,65.53,2025-11-05 23:30:30
732,121,temp,43.47,2025-11-09 23:57:56
733,111,pressure,57.36,2025-11-03 05:11:36
734,107,pressure,50.69,2025-11-08 16:38:40
735,123,humidity,64.11,2025-11-10 00:20:51
736,127,temp,47.5,2025-11-04 14:10:07
737,118,pressure,54.47,2025-11-01 16:59:34
738,113,pressure,58.28,2025-11-01 03:16:29
739,114,humidity,81.17,2025-11-09 14:54:12
740,100,pressure,76.32,2025-11-04 02:46:45
741,116,temp,53.13,2025-11-06 06:16:27
742,101,humidity,47.3,2025-11-03 14:51:46
743,122,temp,37.69,2025-11-05 12:57:39
744,117,pressure,65.14,2025-11-03 08:47:21
745,128,pressure,77.18,2025-11-07 17:22:58
746,115,temp,6.45,2025-11-05 17:31:32
747,126,temp,38.07,2025-11-01 16:53:51
748,125,temp,48.48,2025-11-06 11:08:26
749,134,humidity,72.96,2025-11-02 11:38:11
750,135,pressure,76.3,2025-11-09 16:29:50
751,129,temp,41.11,2025-11-05 12:17:07
752,103,humidity,41.71,2025-11-01 07:29:57
753,130,temp,54.8,2025-11-03 15:35:23
754,111,humidity,45.41,2025-11-02 13:40:27
755,121,humidity,60.43,2025-11-05 13:24:18
756,137,pressure,54.32,2025-11-05 09:07:26
757,133,humidity,67.82,2025-11-06 08:29:05
758,119,humidity,56.13,2025-11-10 12:49:38
759,100,pressure,70.42,2025-11-03 01:23:06
760,119,pressure,47.21,2025-11-08 19:07:32
761,124,pressure,35.7,2025-11-08 12:28:00
762,122,pressure,40.37,2025-11-01 15:15:21
763,116,temp,59.34,2025-11-02 05:10:04
764,117,temp,10.86,2025-11-06 16:38:46
765,116,humidity,61.16,2025-11-06 17:53:20
766,139,pressure,47.15,2025-11-08 23:39:19
767,129,temp,31.85,2025-11-10 23:04:34
768,106,pressure,27.73,2025-11-09 03:46:07
769,114,temp,67.94,2025-11-01 18:50:19
770,107,pressure,23.73,2025-11-03 14:03:57
771,105,humidity,58.55,2025-11-03 06:18:21
772,102,temp,25.06,2025-11-02 23:36:32
773,107,humidity,49.0,2025-11-08 11:33:24
774,136,temp,43.14,2025-11-10 05:39:13
775,130,pressure,31.89,2025-11-07 04:13:44
776,110,humidity,51.72,2025-11-10 17:55:27
777,137,pressure,42.33,2025-11-10 14:44:49
778,133,temp,12.97,2025-11-02 15:37:34
779,118,temp,77.81,2025-11-07 19:12:13
780,124,humidity,53.02,2025-11-08 23:24:11
781,100,pressure,40.73,2025-11-01 08:30:52
782,100,pressure,33.71,2025-11-06 02:13:59
783,104,humidity,38.96,2025-11-03 06:17:58
784,137,pressure,49.05,2025-11-05 15:51:06
785,119,humidity,32.56,2025-11-03 00:30:12
786,130,temp,54.81,2025-11-01 20:58:28
787,107,pressure,47.78,2025-11-07 10:19:24
788,118,humidity,39.83,2025-11-09 02:36:08
789,100,temp,44.0,2025-11-01 10:36:44
790,104,humidity,50.91,2025-11-05 14:01:03
791,117,pressure,56.55,2025-11-10 19:32:38
792,122,pressure,58.68,2025-11-09 11:02:05
793,100,temp,58.6,2025-11-10 10:29:30
794,121,humidity,51.2,2025-11-05 19:19:52
795,122,humidity,38.71,2025-11-04 03:30:14
796,110,humidity,55.39,2025-11-08 21:50:11
797,105,temp,64.82,2025-11-01 00:04:59
798,118,pressure,79.51,2025-11-09 12:26:47
799,110,pressure,62.8,2025-11-07 10:28:27
800,127,temp,25.48,2025-11-05 00:31:59
801,135,temp,27.1,2025-11-03 04:20:19
802,137,humidity,31.76,2025-11-09 00:09:17
803,104,temp,56.34,2025-11-10 11:48:03
804,133,humidity,41.06,2025-11-05 04:26:24
805,105,humidity,33.25,2025-11-05 15:49:23
806,104,temp,42.31,2025-11-02 21:18:43
807,111,temp,52.93,2025-11-03 12:02:29
808,139,humidity,18.41,2025-11-02 04:54:05
809,106,temp,47.87,2025-11-08 10:14:08
810,100,temp,,2025-11-06 13:05:06
811,106,temp,32.83,2025-11-06 19:52:36
812,115,temp,55.21,2025-11-04 14:04:27
813,108,pressure,66.06,2025-11-05 04:53:53
814,102,temp,46.24,2025-11-06 00:28:40
815,123,temp,51.85,2025-11-03 06:02:41
816,116,pressure,77.76,2025-11-04 07:53:50
817,130,pressure,41.97,2025-11-02 11:32:51
818,123,humidity,48.2,2025-11-07 23:37:34
819,134,temp,47.32,2025-11-04 14:54:32
820,138,humidity,44.91,2025-11-05 21:47:31
821,119,pressure,32.6,2025-11-02 00:59:29
822,135,temp,31.78,2025-11-03 03:19:36
823,118,temp,74.57,2025-11-10 14:10:49
824,135,temp,60.29,2025-11-05 04:22:47
825,117,humidity,41.56,2025-11-06 07:19:05
826,123,temp,25.74,2025-11-10 14:17:52
827,108,temp,59.07,2025-11-01 15:35:54
828,136,pressure,54.85,2025-11-08 04:10:42
829,114,humidity,36.99,2025-11-08 04:16:14
830,116,temp,52.09,2025-11-04 12:34:43
831,127,temp,49.23,2025-11-03 08:39:28
832,133,pressure,69.37,2025-11-09 00:28:26
833,118,pressure,18.61,2025-11-05 01:51:31
834,114,humidity,80.15,2025-11-08 02:22:13
835,115,pressure,26.21,2025-11-07 15:27:53
836,134,pressure,28.13,2025-11-03 14:24:26
837,135,humidity,63.9,2025-11-09 10:30:08
838,133,temp,61.22,2025-11-05 02:25:43
839,125,temp,52.16,2025-11-06 05:54:56
840,102,temp,93.57,2025-11-01 01:06:30
841,118,pressure,83.35,2025-11-09 08:00:38
842,116,pressure,56.75,2025-11-06 17:06:45
843,117,pressure,36.72,2025-11-06 23:44:09
844,135,pressure,76.7,2025-11-02 20:23:11
845,126,pressure,41.99,2025-11-06 10:52:33
846,137,humidity,28.17,2025-11-06 05:51:45
847,129,humidity,48.57,2025-11-02 23:21:21
848,114,humidity,51.92,2025-11-06 16:45:20
849,129,pressure,26.24,2025-11-07 18:11:14
850,108,temp,64.72,2025-11-08 01:39:33
851,106,pressure,53.48,2025-11-10 05:00:50
852,103,temp,73.45,2025-11-08 06:50:30
853,138,temp,18.96,2025-11-07 22:25:00
854,133,pressure,58.4,2025-11-04 22:51:28
855,111,humidity,53.81,2025-11-09 12:24:06
856,136,pressure,65.14,2025-11-04 11:23:31
857,130,humidity,54.85,2025-11-05 18:25:17
858,102,humidity,61.18,2025-11-02 11:19:38
859,116,humidity,42.34,2025-11-02 06:54:00
860,139,humidity,40.91,2025-11-04 18:34:35
861,107,pressure,58.82,2025-11-04 07:54:09
862,132,humidity,62.16,2025-11-04 15:52:09
863,119,temp,53.49,2025-11-10 17:55:20
864,114,humidity,60.99,2025-11-06 14:48:29
865,127,temp,55.13,2025-11-02 04:06:58
866,121,pressure,46.89,2025-11-05 14:48:29
867,106,humidity,50.52,2025-11-04 00:33:18
868,122,temp,65.42,2025-11-10 16:31:58
869,115,pressure,45.56,2025-11-04 04:41:03
870,114,humidity,44.39,2025-11-09 00:55:05
871,130,pressure,70.56,2025-11-10 04:18:41
872,135,humidity,33.44,2025-11-04 09:23:55
873,113,temp,37.03,2025-11-06 12:15:09
874,127,pressure,85.88,2025-11-04 23:32:36
875,123,humidity,62.71,2025-11-08 16:59:04
876,107,pressure,27.78,2025-11-02 14:47:13
877,106,pressure,33.58,2025-11-04 14:48:36
878,111,humidity,55.82,2025-11-01 18:41:02
879,102,pressure,74.1,2025-11-01 16:32:43
880,113,pressure,89.73,2025-11-06 23:12:36
881,104,temp,35.23,2025-11-05 21:15:47
882,131,pressure,50.54,2025-11-02 20:55:25
883,127,temp,42.46,2025-11-10 15:13:37
884,128,temp,53.65,2025-11-08 13:02:35
885,113,humidity,71.83,2025-11-05 20:42:11
886,102,temp,42.46,2025-11-05 13:55:21
887,134,pressure,39.34,2025-11-10 12:41:23
888,132,pressure,50.6,2025-11-02 23:50:14
889,128,temp,42.46,2025-11-10 03:12:45
890,123,pressure,49.64,2025-10-25 08:06:54
891,133,temp,45.4,2025-11-03 05:25:25
892,104,temp,90.18,2025-11-04 07:31:56
893,101,humidity,45.12,2025-11-02 04:59:49
894,126,temp,29.68,2025-11-03 01:41:34
895,114,pressure,41.53,2025-11-02 01:20:28
896,126,temp,35.67,2025-11-02 07:09:38
897,134,humidity,31.9,2025-11-04 04:11:02
898,139,temp,57.1,2025-10-25 08:32:13
899,117,temp,33.29,2025-11-08 08:41:45
900,137,humidity,34.64,2025-11-03 16:26:49
901,121,pressure,48.05,2025-11-08 11:42:02
902,123,pressure,60.32,2025-11-10 10:39:43
903,119,temp,42.21,2025-11-05 20:36:59
904,116,pressure,66.81,2025-11-06 16:23:47
905,113,humidity,60.3,2025-11-04 04:43:28
906,117,pressure,60.99,2025-11-07 03:44:41
907,111,temp,62.56,2025-11-10 00:51:05
908,117,pressure,54.29,2025-11-03 22:59:30
909,107,humidity,58.81,2025-11-10 18:23:58
910,135,temp,,2025-11-07 10:02:42
911,101,humidity,19.13,2025-11-02 05:18:39
912,113,humidity,55.12,2025-11-06 10:59:43
913,106,humidity,52.66,2025-11-06 20:13:10
914,101,temp,35.19,2025-11-06 05:56:47
915,135,temp,57.92,2025-11-01 07:24:07
916,131,humidity,54.77,2025-11-08 14:44:42
917,114,humidity,54.93,2025-11-05 11:37:59
918,139,humidity,55.25,2025-11-05 11:51:52
919,130,pressure,64.74,2025-11-09 16:51:55
920,107,humidity,49.88,2025-11-05 04:26:26
921,133,temp,37.04,2025-11-06 09:33:48
922,117,temp,48.14,2025-11-01 14:23:06
923,118,humidity,72.62,2025-11-03 01:55:35
924,138,pressure,69.29,2025-11-01 16:08:46
925,105,pressure,53.08,2025-11-04 01:46:11
926,132,humidity,24.62,2025-11-07 17:13:15
927,111,humidity,48.61,2025-11-01 17:11:12
928,139,pressure,37.55,2025-11-02 05:08:26
929,108,pressure,57.64,2025-11-04 23:26:16
930,130,humidity,39.62,2025-11-02 11:24:15
931,101,pressure,58.94,2025-11-08 09:21:01
932,102,pressure,43.0,2025-11-10 23:52:06
933,100,humidity,22.88,2025-11-06 02:05:33
934,116,pressure,61.52,2025-11-02 03:17:31
935,128,pressure,57.88,2025-11-09 08:10:05
936,121,temp,57.69,2025-11-03 17:54:15
937,102,pressure,73.01,2025-11-05 02:23:24
938,111,temp,50.14,2025-11-05 00:13:17
939,117,pressure,58.73,2025-11-05 09:27:02
940,109,pressure,43.05,2025-11-10 09:19:59
941,111,humidity,53.81,2025-11-10 03:33:40
942,122,pressure,54.75,2025-11-09 04:21:41
943,133,temp,59.83,2025-11-06 10:38:05
944,120,pressure,54.76,2025-11-08 23:21:43
945,131,pressure,37.91,2025-11-01 21:22:02
946,122,temp,37.27,2025-11-09 01:27:51
947,122,pressure,59.55,2025-11-07 15:16:57
948,129,temp,52.4,2025-11-05 21:41:51
949,138,pressure,50.28,2025-11-10 22:46:29
950,125,humidity,89.11,2025-11-06 07:49:54
951,123,pressure,67.33,2025-11-09 14:20:24
952,108,humidity,56.42,2025-11-07 00:18:54
953,112,pressure,41.3,2025-11-06 17:52:52
954,111,pressure,38.02,2025-11-02 05:46:41
955,126,humidity,51.36,2025-11-10 06:22:33
956,115,pressure,23.69,2025-11-03 09:40:23
957,121,humidity,51.04,2025-11-04 17:42:55
958,108,pressure,40.06,2025-11-04 01:47:05
959,128,humidity,37.69,2025-11-02 23:48:55
960,128,temp,46.42,2025-11-08 18:40:21
961,100,temp,52.67,2025-11-02 17:53:56
962,111,temp,37.68,2025-11-01 22:25:10
963,115,humidity,43.5,2025-11-02 03:15:53
964,139,temp,59.12,2025-11-09 06:24:52
965,118,temp,19.85,2025-11-08 04:21:23
966,116,humidity,43.39,2025-11-02 10:41:03
967,135,humidity,25.13,2025-11-08 22:05:55
968,112,temp,31.04,2025-11-05 01:02:13
969,115,humidity,34.04,2025-11-02 08:54:03
970,101,pressure,73.48,2025-11-02 07:54:08
971,122,humidity,57.45,2025-11-02 09:58:12
972,118,humidity,38.84,2025-11-05 23:17:05
973,108,humidity,55.13,2025-11-06 09:45:07
974,105,humidity,62.34,2025-11-10 09:03:44
975,139,temp,44.09,2025-11-05 04:05:14
976,116,humidity,68.97,2025-11-07 19:46:47
977,117,pressure,46.07,2025-11-07 19:16:33
978,101,temp,64.68,2025-11-03 14:20:34
979,132,pressure,73.88,2025-11-06 21:50:48
980,112,humidity,36.02,2025-11-10 03:21:41
981,136,temp,48.85,2025-11-04 20:59:50
982,131,pressure,40.33,2025-11-04 00:28:12
983,119,pressure,66.25,2025-11-10 14:20:15
984,135,humidity,29.58,2025-11-08 09:28:24
985,128,pressure,36.73,2025-11-06 06:10:44
986,135,temp,32.28,2025-11-06 03:04:56
987,132,pressure,43.14,2025-11-01 01:18:56
988,115,temp,40.05,2025-11-06 01:16:51
989,116,temp,65.69,2025-11-03 20:29:22
990,113,pressure,53.98,2025-11-07 09:27:05
991,117,temp,,2025-11-09 14:00:09
992,118,temp,49.71,2025-11-09 19:03:18
993,115,humidity,61.33,2025-11-10 00:25:26
994,112,temp,52.74,2025-11-05 16:21:37
995,114,pressure,27.54,2025-11-02 04:03:18
996,113,humidity,34.54,2025-11-01 02:26:43
997,117,pressure,44.49,2025-11-03 01:49:32
998,106,temp,39.35,2025-11-09 00:51:31
999,127,humidity,69.88,2025-11-03 15:57:02
1000,123,humidity,44.71,2025-11-05 04:24:21
1001,111,pressure,40.61,2025-11-03 20:39:12
1002,104,humidity,48.84,2025-11-08 05:03:46
1003,125,temp,75.82,2025-11-02 03:14:52
1004,130,pressure,34.02,2025-11-04 10:39:39
1005,124,pressure,47.82,2025-11-03 23:14:48
1006,121,pressure,68.72,2025-11-06 23:37:56
1007,121,pressure,57.36,2025-11-05 11:22:26
1008,129,humidity,61.7,2025-11-05 16:58:33
1009,127,temp,58.76,2025-11-06 17:00:47
1010,100,temp,26.93,2025-11-03 16:18:10
1011,119,temp,56.09,2025-11-10 02:56:24
1012,133,temp,67.75,2025-11-10 02:07:20
1013,108,temp,33.29,2025-11-07 14:49:37
1014,105,temp,66.58,2025-11-03 21:58:45
1015,116,humidity,55.7,2025-11-07 23:14:09
1016,126,humidity,63.86,2025-11-04 13:29:42
1017,116,temp,61.54,2025-11-03 01:53:36
1018,128,pressure,26.6,2025-11-04 08:31:45
1019,103,pressure,47.45,2025-11-04 07:25:33
1020,134,pressure,43.92,2025-11-10 10:47:40
1021,134,humidity,60.56,2025-11-10 17:20:05
1022,130,pressure,42.4,2025-11-08 21:16:47
1023,109,pressure,80.59,2025-11-07 06:14:35
1024,105,pressure,65.71,2025-11-07 05:24:14
1025,108,temp,31.91,2025-11-05 14:56:24
1026,100,temp,22.52,2025-11-09 22:06:45
1027,126,pressure,39.93,2025-11-07 10:56:01
1028,117,pressure,53.04,2025-11-04 16:40:37
1029,108,humidity,56.35,2025-11-09 03:41:57
1030,136,pressure,44.56,2025-11-04 03:48:18
1031,131,humidity,40.4,2025-11-03 11:11:23
1032,100,humidity,48.01,2025-11-03 21:06:35
1033,114,humidity,72.44,2025-11-04 22:57:50
1034,122,humidity,43.66,2025-11-02 05:38:25
1035,130,temp,21.61,2025-11-01 15:26:03
1036,125,temp,57.85,2025-11-09 07:40:38
1037,134,temp,67.01,2025-11-04 10:57:14
1038,123,humidity,59.17,2025-11-09 03:46:36
1039,132,temp,60.43,2025-11-05 15:43:33
1040,104,humidity,51.93,2025-11-04 23:24:25
1041,100,temp,47.9,2025-11-03 03:30:33
1042,113,pressure,55.74,2025-11-08 04:24:05
1043,101,pressure,45.45,2025-11-09 02:42:59
1044,105,pressure,45.58,2025-11-01 23:49:39
1045,120,temp,53.18,2025-11-07 07:21:02
1046,114,pressure,67.7,2025-11-01 20:44:30
1047,115,humidity,47.45,2025-11-04 09:48:18
1048,139,temp,44.42,2025-11-01 14:25:26
1049,124,temp,68.44,2025-11-07 06:09:02
1050,124,temp,69.75,2025-11-09 07:10:00
1051,102,humidity,45.14,2025-11-07 17:53:37
1052,134,pressure,43.0,2025-11-02 22:55:26
1053,112,temp,52.67,2025-11-10 07:25:22
1054,139,humidity,62.33,2025-11-08 00:13:58
1055,112,temp,64.38,2025-11-07 09:54:58
1056,124,pressure,48.11,2025-11-10 11:48:23
1057,137,temp,48.83,2025-11-05 17:00:36
1058,101,humidity,39.01,2025-11-08 21:56:22
1059,120,temp,75.6,2025-11-01 15:50:40
1060,102,temp,42.86,2025-11-10 08:47:11
1061,112,pressure,36.2,2025-11-02 21:18:05
1062,102,pressure,73.45,2025-11-09 15:47:40
1063,114,temp,20.66,2025-11-06 16:35:55
1064,112,pressure,49.39,2025-11-05 08:34:32
1065,106,pressure,46.99,2025-11-03 23:03:20
1066,128,humidity,60.07,2025-11-02 13:15:06
1067,125,pressure,42.99,2025-11-06 23:33:25
1068,101,temp,60.66,2025-11-01 16:31:42
1069,131,pressure,51.19,2025-11-04 04:54:49
1070,117,pressure,56.06,2025-11-10 12:21:18
1071,119,pressure,43.57,2025-11-05 14:37:42
1072,109,humidity,44.1,2025-11-02 02:28:57
1073,105,pressure,49.33,2025-11-06 19:29:58
1074,133,temp,58.03,2025-11-01 11:22:07
1075,103,pressure,49.57,2025-11-02 06:42:58
1076,123,pressure,69.97,2025-11-07 00:04:41
1077,138,pressure,22.36,2025-11-01 22:19:13
1078,127,temp,50.17,2025-11-10 03:25:47
1079,107,humidity,47.43,2025-11-07 04:38:09
1080,125,pressure,51.98,2025-11-10 08:55:34
1081,120,humidity,39.22,2025-11-03 17:33:18
1082,115,pressure,46.21,2025-11-08 09:49:35
1083,138,pressure,41.66,2025-11-08 13:01:06
1084,134,pressure,44.86,2025-11-03 13:36:05
1085,129,temp,24.26,2025-11-04 07:40:22
1086,104,pressure,45.39,2025-11-03 07:35:50
1087,139,temp,56.27,2025-11-04 02:52:14
1088,115,temp,61.96,2025-11-03 14:18:56
1089,139,temp,44.29,2025-11-09 11:39:18
1090,101,pressure,46.99,2025-11-02 00:49:23
1091,118,humidity,24.81,2025-11-10 09:49:58
1092,114,pressure,61.78,2025-11-08 06:40:09
1093,116,temp,45.65,2025-11-07 17:00:31
1094,113,humidity,29.23,2025-11-03 01:59:51
1095,127,temp,42.83,2025-11-04 20:39:07
1096,139,temp,43.64,2025-11-07 09:49:30
1097,129,temp,43.25,2025-11-03 21:00:04
1098,101,humidity,55.93,2025-11-05 23:01:07
1099,136,pressure,36.73,2025-11-09 11:37:35
1100,125,humidity,59.64,2025-11-01 03:40:03
1101,129,humidity,65.15,2025-11-01 03:07:55
1102,139,temp,46.04,2025-11-01 15:32:37
1103,111,humidity,48.8,2025-11-08 19:05:23
1104,114,humidity,25.41,2025-11-04 10:22:08
1105,106,humidity,45.18,2025-11-02 20:31:51
1106,130,temp,62.32,2025-11-09 09:33:48
1107,116,humidity,45.41,2025-11-01 22:25:52
1108,106,humidity,48.87,2025-11-02 06:27:49
1109,117,pressure,74.53,2025-11-03 19:10:29
1110,130,humidity,30.72,2025-11-06 09:10:07
1111,101,temp,24.16,2025-11-06 17:57:31
1112,124,temp,72.12,2025-11-07 17:30:47
1113,119,humidity,44.22,2025-11-02 04:09:17
1114,127,pressure,32.66,2025-11-09 15:17:15
1115,124,pressure,54.79,2025-11-01 15:03:12
1116,133,pressure,51.71,2025-11-06 07:28:52
1117,108,temp,53.86,2025-11-03 11:08:14
1118,132,temp,44.15,2025-11-04 17:43:58
1119,115,humidity,24.99,2025-11-07 02:21:11
1120,132,temp,58.88,2025-11-03 06:54:27
1121,107,pressure,47.46,2025-11-07 15:55:03
1122,126,temp,55.07,2025-11-09 12:11:52
1123,134,temp,57.49,2025-11-09 11:41:54
1124,121,temp,40.24,2025-11-03 06:47:06
1125,101,humidity,38.24,2025-11-09 11:15:51
1126,101,temp,68.23,2025-11-10 04:05:19
1127,117,humidity,49.49,2025-11-02 03:13:25
1128,124,pressure,65.25,2025-11-09 15:05:07
1129,102,temp,39.92,2025-11-10 06:30:08
1130,138,humidity,74.58,2025-11-08 08:27:05
1131,102,humidity,67.63,2025-11-03 01:38:05
1132,106,pressure,49.38,2025-11-05 13:10:47
1133,114,pressure,49.61,2025-11-03 04:49:38
1134,107,temp,58.48,2025-11-01 08:17:13
1135,139,temp,28.66,2025-11-05 12:39:15
1136,128,temp,67.51,2025-11-06 16:03:52
1137,106,humidity,43.7,2025-11-03 09:09:26
1138,111,humidity,25.46,2025-11-01 19:06:33
1139,138,temp,45.63,2025-11-09 10:41:06
1140,117,humidity,46.51,2025-11-03 09:06:59
1141,120,humidity,39.11,2025-11-08 09:31:11
1142,123,pressure,53.63,2025-11-09 02:05:18
1143,111,humidity,38.4,2025-11-05 18:39:26
1144,123,temp,29.02,2025-11-09 19:29:40
1145,138,pressure,29.74,2025-11-09 00:39:04
1146,120,temp,68.52,2025-11-04 06:15:50
1147,127,humidity,64.8,2025-11-05 08:01:31
1148,109,humidity,58.07,2025-11-10 23:51:25
1149,128,temp,33.23,2025-11-05 05:44:53
1150,110,pressure,51.68,2025-11-10 05:06:05
1151,102,pressure,30.29,2025-11-09 19:26:04
1152,115,temp,39.03,2025-11-07 22:25:05
1153,108,humidity,46.94,2025-11-05 12:55:54
1154,118,humidity,61.75,2025-11-07 07:42:30
1155,113,pressure,49.09,2025-11-06 14:58:02
1156,130,pressure,64.93,2025-11-01 06:03:49
1157,113,temp,58.13,2025-11-09 13:51:14
1158,139,temp,20.73,2025-11-07 09:49:29
1159,107,temp,22.79,2025-11-08 18:20:32
1160,110,humidity,69.36,2025-11-03 15:36:52
1161,101,pressure,62.63,2025-11-03 16:09:37
1162,102,temp,59.17,2025-11-03 10:32:29
1163,112,humidity,58.02,2025-11-04 18:15:56
1164,128,humidity,53.08,2025-11-08 15:57:38
1165,124,temp,35.35,2025-11-04 07:49:41
1166,119,pressure,47.59,2025-11-02 02:10:13
1167,139,temp,49.51,2025-11-06 09:57:42
1168,129,humidity,47.62,2025-10-25 03:48:34
1169,116,humidity,56.06,2025-11-04 04:44:58
1170,130,pressure,64.38,2025-11-05 09:50:43
1171,102,humidity,38.95,2025-11-06 05:31:35
1172,131,pressure,70.59,2025-11-08 02:44:31
1173,138,humidity,49.04,2025-11-05 23:35:54
1174,112,temp,19.67,2025-11-03 23:10:34
1175,117,humidity,38.2,2025-11-06 01:04:19
1176,139,humidity,27.02,2025-11-01 11:54:38
1177,118,humidity,68.22,2025-11-05 12:53:40
1178,124,humidity,45.11,2025-11-09 02:54:12
1179,135,humidity,21.35,2025-11-07 22:31:51
1180,133,pressure,70.97,2025-11-04 10:01:04
1181,120,pressure,61.35,2025-11-09 06:57:02
1182,110,temp,29.96,2025-11-03 17:54:24
1183,114,temp,42.12,2025-11-09 01:37:08
1184,137,pressure,57.54,2025-11-01 06:06:09
1185,104,temp,47.26,2025-11-03 18:48:29
1186,126,temp,62.27,2025-11-06 23:21:38
1187,119,humidity,74.95,2025-11-03 15:43:36
1188,119,pressure,58.2,2025-11-10 21:22:43
1189,120,temp,48.17,2025-11-05 05:36:32
1190,101,pressure,52.76,2025-11-10 04:51:02
1191,118,pressure,48.98,2025-11-04 21:13:07
1192,103,humidity,41.69,2025-11-09 00:27:12
1193,138,pressure,50.26,2025-11-07 05:54:01
1194,100,temp,49.33,2025-11-01 13:51:55
1195,100,pressure,39.77,2025-11-06 06:57:42
1196,131,humidity,68.09,2025-10-25 17:50:37
1197,105,temp,55.58,2025-11-09 11:32:51
1198,102,temp,43.86,2025-11-05 01:30:19
1199,119,humidity,68.43,2025-11-03 07:35:04
1200,102,temp,57.99,2025-11-02 16:31:34
1201,136,humidity,67.74,2025-11-06 11:23:36
1202,138,humidity,19.9,2025-11-01 06:00:52
1203,135,pressure,35.69,2025-11-06 11:05:30
1204,126,temp,36.89,2025-11-08 04:28:13
1205,102,humidity,51.5,2025-11-02 07:57:08
1206,107,humidity,65.08,2025-11-05 00:00:37
1207,117,pressure,56.77,2025-11-06 16:34:11
1208,134,pressure,39.05,2025-11-03 09:07:55
1209,131,humidity,67.67,2025-11-05 19:08:22
1210,116,temp,,2025-11-08 23:24:56
1211,117,pressure,32.11,2025-11-07 10:52:12
1212,107,temp,44.67,2025-11-06 07:56:29
1213,128,pressure,34.6,2025-11-02 20:57:28
1214,118,pressure,14.74,2025-11-10 12:20:03
1215,119,temp,58.5,2025-11-01 17:07:01
1216,135,pressure,75.46,2025-11-02 07:01:05
1217,112,humidity,50.97,2025-11-05 13:31:23
1218,102,temp,34.25,2025-11-06 09:14:53
1219,133,humidity,64.49,2025-11-10 11:57:18
1220,139,humidity,23.26,2025-11-04 23:24:20
1221,104,pressure,23.07,2025-11-07 00:41:52
1222,139,temp,35.24,2025-11-05 07:44:18
1223,101,humidity,32.99,2025-11-10 07:36:47
1224,114,temp,25.26,2025-11-07 23:25:35
1225,127,pressure,35.19,2025-11-09 13:15:00
1226,106,pressure,46.27,2025-11-05 06:19:56
1227,123,pressure,60.71,2025-11-04 02:42:30
1228,100,pressure,37.29,2025-11-02 18:12:11
1229,107,temp,46.93,2025-11-10 23:43:50
1230,107,pressure,59.46,2025-11-09 15:37:28
1231,106,humidity,45.5,2025-11-10 21:54:24
1232,117,temp,57.09,2025-11-01 05:13:51
1233,116,pressure,39.4,2025-11-03 17:31:50
1234,127,pressure,53.43,2025-11-08 07:04:31
1235,101,temp,57.13,2025-11-10 08:41:49
1236,138,temp,33.73,2025-11-05 06:10:45
1237,120,temp,76.3,2025-11-07 16:40:20
1238,134,pressure,35.91,2025-10-25 15:19:46
1239,116,pressure,73.1,2025-11-04 22:34:28
1240,137,humidity,28.21,2025-11-03 10:17:33
1241,101,temp,51.24,2025-11-10 05:04:35
1242,101,temp,42.56,2025-11-09 21:27:49
1243,134,humidity,52.83,2025-11-05 06:26:55
1244,116,temp,59.81,2025-11-07 06:28:03
1245,121,humidity,43.04,2025-11-04 23:52:13
1246,101,humidity,60.77,2025-11-09 13:37:19
1247,106,temp,60.65,2025-11-07 18:59:46
1248,114,pressure,69.56,2025-11-10 17:07:23
1249,139,pressure,81.84,2025-11-09 13:45:40
1250,120,pressure,16.31,2025-11-03 01:47:34
1251,120,temp,40.64,2025-11-02 13:38:35
1252,131,temp,55.38,2025-11-08 07:47:02
1253,113,humidity,51.85,2025-11-08 12:00:31
1254,122,temp,35.31,2025-11-05 04:58:16
1255,114,temp,66.53,2025-11-03 04:47:54
1256,128,temp,70.17,2025-11-10 00:43:23
1257,107,temp,49.74,2025-11-06 11:09:07
1258,113,temp,33.4,2025-11-03 19:53:57
1259,134,humidity,39.58,2025-11-07 09:45:59
1260,119,humidity,63.49,2025-11-05 03:52:57
1261,117,temp,46.48,2025-11-05 18:00:25
1262,102,temp,42.75,2025-11-08 10:51:01
1263,123,temp,51.2,2025-11-08 19:09:31
1264,115,humidity,68.33,2025-11-04 08:07:43
1265,103,temp,31.35,2025-11-03 19:24:32
1266,131,temp,62.3,2025-11-05 17:54:25
1267,105,humidity,32.26,2025-11-03 00:51:12
1268,117,humidity,80.33,2025-11-06 13:14:34
1269,136,temp,49.23,2025-11-05 10:30:46
1270,132,humidity,50.89,2025-11-06 15:45:58
1271,130,temp,48.38,2025-11-03 17:32:02
1272,100,pressure,44.84,2025-11-05 04:10:32
1273,125,pressure,42.16,2025-11-07 01:48:09
1274,123,humidity,61.48,2025-11-02 06:48:50
1275,129,temp,50.14,2025-11-10 22:31:50
1276,131,temp,60.39,2025-11-06 16:40:58
1277,123,pressure,41.75,2025-11-10 02:26:31
1278,137,temp,38.65,2025-11-03 04:25:50
1279,122,humidity,38.3,2025-11-05 22:56:11
1280,121,humidity,67.54,2025-11-04 23:19:45
1281,132,pressure,32.75,2025-11-09 04:22:30
1282,117,humidity,70.3,2025-11-03 10:42:56
1283,119,temp,50.53,2025-11-05 00:47:48
1284,118,humidity,54.99,2025-11-05 10:10:53
1285,133,humidity,73.58,2025-11-09 13:53:47
1286,127,temp,50.05,2025-11-03 21:15:04
1287,124,temp,79.65,2025-11-06 02:59:16
1288,118,humidity,60.68,2025-11-10 19:29:59
1289,119,temp,65.02,2025-11-02 21:31:52
1290,103,humidity,51.04,2025-11-08 01:43:50
1291,127,temp,87.44,2025-11-08 18:48:29
1292,128,humidity,55.3,2025-11-03 05:11:24
1293,137,temp,59.14,2025-11-01 17:34:09
1294,105,pressure,48.46,2025-11-07 06:46:02
1295,132,humidity,67.16,2025-11-01 23:25:56
1296,103,humidity,76.17,2025-11-02 04:10:16
1297,111,temp,32.73,2025-11-07 14:32:44
1298,116,humidity,50.64,2025-11-05 00:24:15
1299,106,pressure,61.4,2025-11-07 22:17:12
1300,116,humidity,52.35,2025-11-09 18:31:51
1301,122,humidity,56.87,2025-11-07 15:15:51
1302,112,temp,60.31,2025-11-04 13:49:45
1303,111,temp,54.17,2025-11-02 20:17:26
1304,117,humidity,51.86,2025-11-04 21:45:51
1305,119,humidity,74.42,2025-11-09 11:15:37
1306,116,pressure,53.74,2025-11-10 08:25:22
1307,131,temp,67.24,2025-11-06 06:31:30
1308,105,temp,51.56,2025-11-07 15:07:46
1309,135,humidity,36.88,2025-11-10 19:58:27
1310,115,temp,37.83,2025-11-05 13:30:22
1311,133,humidity,45.15,2025-11-09 13:14:52
1312,130,temp,56.63,2025-11-07 06:13:32
1313,106,pressure,91.56,2025-11-07 16:19:43
1314,119,humidity,53.02,2025-11-06 08:40:07
1315,138,temp,18.93,2025-11-04 10:34:03
1316,127,humidity,70.56,2025-11-03 00:01:41
1317,109,pressure,58.89,2025-11-07 12:58:31
1318,100,temp,55.38,2025-11-09 11:09:20
1319,124,temp,68.37,2025-11-10 19:04:20
1320,111,temp,48.81,2025-11-01 00:46:32
1321,107,humidity,45.35,2025-11-02 08:14:28
1322,130,humidity,24.51,2025-11-02 18:35:43
1323,132,pressure,35.75,2025-11-01 11:46:13
1324,139,humidity,52.16,2025-11-06 19:05:11
1325,128,temp,58.16,2025-11-10 07:13:04
1326,122,pressure,44.58,2025-11-10 19:20:28
1327,101,pressure,45.49,2025-11-06 21:16:47
1328,107,humidity,56.98,2025-11-09 13:10:14
1329,113,temp,41.48,2025-11-07 08:34:32
1330,105,humidity,29.37,2025-11-02 19:38:29
1331,112,pressure,28.44,2025-11-05 20:00:57
1332,127,pressure,34.91,2025-11-09 19:00:06
1333,135,humidity,50.35,2025-11-01 21:35:53
1334,125,pressure,50.92,2025-11-03 15:48:48
1335,133,pressure,45.63,2025-11-02 12:42:49
1336,101,humidity,22.05,2025-11-03 08:08:18
1337,139,temp,58.81,2025-11-10 00:08:11
1338,121,temp,65.97,2025-11-04 16:37:56
1339,134,temp,82.74,2025-11-10 12:02:01
1340,115,pressure,79.01,2025-11-05 21:05:29
1341,125,pressure,33.39,2025-11-01 10:10:59
1342,109,temp,40.82,2025-11-06 08:39:21
1343,102,pressure,64.83,2025-11-08 10:02:01
1344,106,humidity,44.48,2025-11-07 23:49:48
1345,130,pressure,37.24,2025-11-02 08:55:20
1346,113,humidity,40.07,2025-11-08 14:16:00
1347,137,pressure,79.9,2025-11-04 16:55:54
1348,101,temp,53.48,2025-11-07 15:27:04
1349,105,temp,26.77,2025-11-03 08:38:23
1350,132,humidity,54.42,2025-11-03 09:33:34
1351,115,temp,42.0,2025-11-03 15:24:31
1352,107,pressure,63.64,2025-11-09 22:34:29
1353,112,pressure,55.42,2025-11-07 03:47:41
1354,127,pressure,33.43,2025-11-09 04:00:57
1355,117,pressure,58.12,2025-11-01 00:37:23
1356,132,pressure,64.31,2025-11-04 15:16:31
1357,125,pressure,64.6,2025-11-09 18:13:49
1358,131,pressure,79.12,2025-11-08 00:11:14
1359,132,temp,53.45,2025-11-04 17:06:03
1360,110,humidity,65.56,2025-11-08 22:42:01
1361,125,humidity,50.28,2025-11-08 02:02:33
1362,125,temp,55.16,2025-11-01 23:45:33
1363,131,humidity,53.83,2025-11-07 08:16:12
1364,115,humidity,51.97,2025-11-08 08:16:45
1365,105,pressure,40.35,2025-11-07 05:33:04
1366,112,pressure,35.57,2025-11-01 14:53:37
1367,133,pressure,62.81,2025-11-03 01:09:53
1368,139,temp,27.06,2025-11-04 07:25:31
1369,127,pressure,41.91,2025-11-01 19:44:42
1370,128,temp,62.26,2025-11-04 06:00:07
1371,121,temp,26.52,2025-11-07 02:16:28
1372,126,pressure,61.97,2025-11-03 23:03:39
1373,110,humidity,47.21,2025-11-07 00:00:31
1374,139,pressure,41.0,2025-11-05 14:44:40
1375,109,humidity,34.77,2025-11-08 00:11:03
1376,120,humidity,47.52,2025-11-01 05:41:02
1377,101,humidity,65.38,2025-11-01 08:26:13
1378,123,pressure,52.19,2025-11-08 20:27:12
1379,137,pressure,65.93,2025-11-07 10:25:57
1380,120,temp,25.81,2025-11-06 03:48:52
1381,130,pressure,17.76,2025-11-09 01:28:15
1382,111,pressure,20.58,2025-11-05 23:32:46
1383,116,temp,49.61,2025-11-10 14:04:26
1384,139,pressure,41.51,2025-11-06 12:35:57
1385,137,humidity,50.26,2025-11-03 14:13:44
1386,137,pressure,43.12,2025-11-04 14:51:50
1387,115,temp,69.38,2025-11-02 13:43:38
1388,133,humidity,62.59,2025-11-07 01:17:08
1389,131,pressure,38.78,2025-11-10 15:17:08
1390,116,humidity,27.61,2025-11-06 12:08:45
1391,114,humidity,61.08,2025-11-08 11:13:35
1392,107,pressure,49.32,2025-11-09 13:19:04
1393,105,humidity,50.11,2025-11-05 09:20:38
1394,130,temp,29.25,2025-11-04 03:02:39
1395,139,pressure,27.76,2025-11-01 23:44:00
1396,132,temp,45.57,2025-11-01 04:23:12
1397,132,humidity,65.81,2025-11-08 22:16:20
1398,112,humidity,65.06,2025-11-06 20:24:54
1399,118,pressure,64.93,2025-11-02 18:16:50
1400,136,temp,15.75,2025-11-05 13:45:15
1401,138,temp,45.09,2025-11-03 07:46:40
1402,135,pressure,39.73,2025-11-04 08:27:29
1403,109,temp,52.11,2025-11-04 22:46:21
1404,139,humidity,47.75,2025-11-06 16:42:38
1405,115,temp,53.1,2025-11-06 05:22:45
1406,110,humidity,33.36,2025-11-02 07:10:33
1407,110,humidity,52.64,2025-11-05 07:51:41
1408,139,temp,74.83,2025-11-06 05:05:04
1409,125,temp,51.96,2025-11-10 09:04:36
1410,100,pressure,,2025-11-05 08:13:20
1411,136,temp,77.86,2025-11-01 02:02:50
1412,108,temp,44.28,2025-11-06 17:35:34
1413,117,humidity,69.15,2025-11-02 20:41:22
1414,122,humidity,71.44,2025-11-08 09:05:05
1415,114,temp,66.13,2025-11-07 02:25:54
1416,103,temp,38.04,2025-11-03 07:14:07
1417,118,temp,56.64,2025-11-08 04:42:19
1418,120,humidity,34.36,2025-11-05 09:04:50
1419,133,humidity,85.97,2025-11-05 07:04:35
1420,139,pressure,36.33,2025-11-01 14:08:08
1421,134,humidity,43.05,2025-11-03 22:56:57
1422,103,pressure,52.83,2025-11-04 18:27:53
1423,111,pressure,21.48,2025-11-02 00:07:18
1424,103,temp,59.88,2025-11-04 04:34:30
1425,115,pressure,47.38,2025-11-04 18:58:15
1426,113,humidity,67.61,2025-11-04 12:30:46
1427,118,temp,48.15,2025-11-05 17:31:55
1428,113,humidity,55.42,2025-11-01 04:31:15
1429,127,pressure,53.21,2025-11-06 08:11:18
1430,120,pressure,39.05,2025-11-04 11:56:46
1431,124,temp,73.81,2025-11-04 20:46:56
1432,123,pressure,27.22,2025-11-07 02:17:53
1433,121,temp,32.08,2025-11-08 04:20:46
1434,114,humidity,60.92,2025-11-03 10:18:29
1435,113,pressure,22.16,2025-11-08 22:56:26
1436,112,pressure,68.91,2025-11-09 04:20:17
1437,113,pressure,55.65,2025-11-07 08:18:18
1438,122,humidity,55.16,2025-11-03 17:57:51
1439,100,pressure,24.11,2025-11-09 21:57:52
1440,138,humidity,58.61,2025-11-09 20:12:02
1441,118,humidity,42.85,2025-11-06 00:44:46
1442,108,temp,26.35,2025-11-02 14:21:45
1443,124,temp,45.16,2025-11-02 23:07:31
1444,106,temp,37.6,2025-11-07 22:27:15
1445,111,humidity,49.78,2025-11-01 13:31:16
1446,127,pressure,36.01,2025-11-03 03:32:54
1447,106,humidity,40.79,2025-11-09 09:22:41
1448,105,temp,52.16,2025-11-04 01:55:43
1449,115,temp,62.99,2025-11-05 13:54:11
1450,139,pressure,17.28,2025-11-07 10:48:42
1451,112,temp,45.47,2025-11-03 00:06:08
1452,127,pressure,41.78,2025-11-08 23:59:45
1453,101,humidity,55.82,2025-11-09 20:25:48
1454,131,temp,46.79,2025-11-01 22:44:13
1455,108,pressure,32.8,2025-11-07 22:33:23
1456,115,temp,51.16,2025-11-07 08:53:18
1457,110,pressure,59.9,2025-11-07 14:35:51
1458,136,humidity,64.56,2025-11-02 01:14:07
1459,117,humidity,42.97,2025-11-04 10:55:44
1460,102,pressure,25.49,2025-11-09 03:53:07
1461,116,pressure,46.62,2025-11-07 10:42:09
1462,130,temp,54.13,2025-11-09 14:46:22
1463,111,pressure,53.18,2025-11-06 10:04:48
1464,134,humidity,40.73,2025-11-10 14:58:56
1465,127,pressure,53.78,2025-11-06 03:26:15
1466,138,pressure,36.74,2025-11-01 18:25:03
1467,125,temp,61.64,2025-11-03 07:26:53
1468,136,pressure,,2025-11-05 13:46:08
1469,127,pressure,54.62,2025-11-05 10:31:21
1470,131,pressure,36.3,2025-11-01 18:57:45
1471,105,temp,46.24,2025-11-03 02:05:02
1472,121,humidity,48.41,2025-11-01 14:59:46
1473,114,humidity,72.66,2025-11-07 17:07:12
1474,114,humidity,48.4,2025-11-02 02:11:22
1475,128,humidity,53.83,2025-11-09 00:27:27
1476,107,pressure,50.72,2025-11-07 14:50:11
1477,120,pressure,61.22,2025-11-09 01:10:17
1478,122,pressure,31.22,2025-11-07 08:47:34
1479,102,pressure,53.0,2025-11-09 17:36:39
1480,111,pressure,48.83,2025-11-09 22:00:06
1481,108,pressure,66.14,2025-11-08 05:49:39
1482,119,humidity,59.88,2025-11-04 17:39:08
1483,108,temp,43.55,2025-11-01 09:34:09
1484,108,temp,68.18,2025-11-08 05:47:24
1485,109,temp,42.55,2025-11-01 11:45:26
1486,134,humidity,47.25,2025-11-08 06:52:33
1487,131,pressure,61.87,2025-11-10 09:16:32
1488,108,temp,58.55,2025-11-04 13:16:21
1489,117,humidity,32.76,2025-11-09 14:52:17
1490,120,temp,62.09,2025-11-04 12:16:43
1491,116,pressure,65.0,2025-11-09 20:17:06
1492,110,humidity,58.28,2025-11-10 12:57:56
1493,121,pressure,52.43,2025-11-03 14:39:01
1494,117,pressure,28.02,2025-11-04 13:09:27
1495,114,temp,51.26,2025-11-03 18:11:51
1496,102,pressure,53.81,2025-11-04 06:20:09
1497,100,humidity,41.05,2025-11-10 10:35:03
1498,119,pressure,50.42,2025-11-09 14:08:33
1499,111,temp,34.3,2025-11-04 23:30:05
1500,126,temp,59.21,2025-11-02 15:52:43
1501,126,humidity,49.15,2025-11-05 11:59:06
1502,110,temp,71.81,2025-11-04 00:35:54
1503,119,humidity,65.12,2025-11-09 23:10:07
1504,110,temp,70.96,2025-11-10 05:53:08
1505,131,pressure,36.86,2025-11-09 10:36:36
1506,127,temp,48.69,2025-11-04 20:51:21
1507,107,temp,33.0,2025-11-02 14:47:00
1508,115,humidity,50.44,2025-11-08 00:22:14
1509,117,humidity,40.42,2025-11-10 14:02:14
1510,130,humidity,36.19,2025-11-06 16:43:57
1511,117,pressure,45.7,2025-11-07 11:54:52
1512,111,humidity,66.27,2025-11-08 09:42:53
1513,120,humidity,58.13,2025-11-04 08:31:21
1514,117,humidity,71.51,2025-11-02 18:47:41
1515,108,pressure,47.06,2025-11-09 21:40:56
1516,103,pressure,56.43,2025-11-03 16:22:30
1517,105,temp,35.15,2025-11-10 16:12:07
1518,107,humidity,44.76,2025-11-09 23:04:08
1519,106,humidity,39.56,2025-11-05 19:41:11
1520,123,temp,34.05,2025-11-07 00:17:05
1521,104,humidity,43.25,2025-11-08 00:42:49
1522,125,pressure,31.48,2025-11-01 04:29:43
1523,124,temp,79.94,2025-11-05 18:49:08
1524,135,humidity,46.89,2025-11-02 06:33:52
1525,109,temp,36.68,2025-11-07 04:44:12
1526,137,temp,56.47,2025-11-02 15:51:43
1527,109,temp,50.11,2025-11-05 01:09:18
1528,139,humidity,64.5,2025-11-06 15:39:58
1529,130,humidity,31.78,2025-11-03 12:38:20
1530,100,pressure,57.97,2025-11-01 19:32:02
1531,139,temp,59.71,2025-11-08 08:23:31
1532,130,humidity,40.77,2025-11-04 13:14:15
1533,132,humidity,25.46,2025-11-03 12:04:52
1534,139,humidity,28.17,2025-11-02 15:17:51
1535,118,humidity,69.2,2025-11-04 13:14:18
1536,117,temp,54.15,2025-11-02 14:14:18
1537,119,humidity,66.0,2025-11-06 19:22:45
1538,138,pressure,64.35,2025-11-03 13:43:15
1539,102,humidity,32.68,2025-11-09 14:27:13
1540,131,pressure,38.43,2025-11-04 17:10:12
1541,131,pressure,43.55,2025-11-01 03:15:14
1542,137,pressure,53.58,2025-11-04 17:10:26
1543,109,temp,41.36,2025-11-09 00:19:00
1544,139,pressure,30.99,2025-11-06 22:25:48
1545,111,pressure,61.22,2025-11-03 05:35:55
1546,123,pressure,50.06,2025-11-08 15:07:27
1547,105,pressure,55.45,2025-11-04 02:39:25
1548,132,pressure,51.31,2025-11-06 01:01:13
1549,130,humidity,43.27,2025-11-07 11:32:09
1550,128,humidity,31.52,2025-11-10 00:13:04
1551,137,humidity,58.84,2025-11-06 07:00:19
1552,124,humidity,54.77,2025-11-05 14:07:59
1553,130,temp,73.58,2025-11-01 15:49:43
1554,128,temp,28.56,2025-11-05 10:18:06
1555,105,pressure,36.1,2025-11-09 20:52:20
1556,116,pressure,32.67,2025-11-10 16:14:58
1557,116,temp,37.06,2025-11-02 14:14:51
1558,139,pressure,34.68,2025-11-03 14:55:13
1559,102,pressure,56.79,2025-11-10 15:43:53
1560,135,pressure,40.55,2025-11-04 16:49:58
1561,113,humidity,46.5,2025-11-09 19:24:50
1562,117,temp,44.62,2025-11-10 07:29:17
1563,103,temp,49.26,2025-11-02 01:38:09
1564,137,pressure,25.56,2025-11-01 04:08:31
1565,101,pressure,51.82,2025-11-04 02:01:02
1566,131,pressure,3.08,2025-11-10 07:52:10
1567,102,humidity,58.81,2025-11-10 08:28:10
1568,118,humidity,59.23,2025-11-07 16:39:17
1569,112,temp,55.56,2025-11-02 23:33:03
1570,112,temp,28.52,2025-11-04 23:15:00
1571,109,temp,15.98,2025-11-09 14:36:11
1572,110,humidity,48.9,2025-11-01 08:44:40
1573,116,humidity,54.53,2025-11-02 15:32:19
1574,118,pressure,45.94,2025-11-04 06:25:17
1575,124,pressure,28.51,2025-11-08 11:01:09
1576,113,pressure,51.41,2025-11-05 17:17:48
1577,112,pressure,47.01,2025-11-01 00:56:18
1578,111,temp,66.4,2025-11-08 11:03:21
1579,124,pressure,63.75,2025-11-10 02:50:35
1580,121,humidity,67.45,2025-11-02 03:21:11
1581,130,temp,60.29,2025-11-07 09:18:38
1582,122,pressure,60.77,2025-11-03 14:46:58
1583,109,temp,50.65,2025-11-04 04:34:54
1584,130,pressure,48.81,2025-11-01 03:51:23
1585,129,humidity,51.52,2025-11-01 08:58:52
1586,115,pressure,55.41,2025-11-09 23:56:42
1587,100,pressure,9.01,2025-11-07 19:03:28
1588,111,humidity,69.23,2025-11-05 02:14:48
1589,127,pressure,50.28,2025-11-03 15:14:07
1590,114,humidity,25.16,2025-11-10 16:29:50
1591,101,temp,51.7,2025-11-03 09:35:45
1592,116,pressure,49.09,2025-11-05 17:35:56
1593,132,pressure,26.61,2025-11-08 07:43:32
1594,108,pressure,21.99,2025-11-03 10:20:20
1595,114,humidity,59.51,2025-11-08 16:01:38
1596,128,temp,41.51,2025-11-07 19:36:44
1597,109,pressure,50.99,2025-11-10 11:55:26
1598,106,humidity,54.19,2025-11-03 19:42:29
1599,137,temp,60.26,2025-11-06 06:42:49
1600,133,humidity,45.52,2025-11-07 08:44:33
1601,131,humidity,42.92,2025-11-04 13:56:18
1602,109,humidity,46.59,2025-11-06 12:31:34
1603,136,pressure,56.45,2025-11-05 16:05:46
1604,134,humidity,47.67,2025-11-01 04:53:01
1605,115,temp,43.28,2025-11-06 07:09:21
1606,130,pressure,76.04,2025-11-04 08:30:12
1607,127,pressure,56.79,2025-11-04 18:09:02
1608,125,pressure,68.9,2025-11-07 08:21:55
1609,133,temp,56.56,2025-11-09 12:10:49
1610,105,humidity,36.99,2025-11-10 13:53:15
1611,136,pressure,21.16,2025-11-06 10:58:33
1612,103,humidity,65.94,2025-11-02 03:55:39
1613,104,temp,6.47,2025-11-05 00:06:33
1614,107,humidity,35.87,2025-11-03 09:01:24
1615,115,temp,38.94,2025-11-01 09:42:31
1616,129,pressure,50.89,2025-11-01 08:50:41
1617,134,temp,58.28,2025-11-02 03:49:29
1618,126,pressure,26.15,2025-11-05 10:01:14
1619,111,humidity,47.8,2025-11-09 05:33:31
1620,126,pressure,46.67,2025-11-07 01:56:57
1621,113,pressure,56.24,2025-11-01 08:06:32
1622,114,pressure,65.99,2025-11-05 05:30:14
1623,106,pressure,29.86,2025-11-08 23:52:58
1624,131,temp,56.71,2025-11-06 07:35:32
1625,109,humidity,47.52,2025-11-10 00:01:03
1626,111,temp,37.51,2025-11-01 19:17:13
1627,115,pressure,32.58,2025-11-05 01:04:14
1628,133,humidity,74.33,2025-11-02 21:21:43
1629,105,temp,33.54,2025-11-03 23:24:14
1630,125,pressure,75.65,2025-11-01 00:59:33
1631,117,pressure,32.54,2025-11-09 20:30:54
1632,102,humidity,70.57,2025-11-02 10:24:41
1633,103,humidity,37.53,2025-11-05 06:56:08
1634,138,pressure,48.9,2025-11-05 06:14:29
1635,111,humidity,46.45,2025-11-08 09:33:01
1636,115,humidity,37.33,2025-11-01 19:09:45
1637,136,temp,85.91,2025-11-03 04:33:41
1638,121,temp,40.43,2025-11-09 17:49:04
1639,130,humidity,46.81,2025-11-06 01:16:18
1640,128,temp,59.13,2025-11-01 17:59:47
1641,111,temp,33.12,2025-11-03 23:56:41
1642,114,temp,62.8,2025-11-10 23:10:03
1643,130,humidity,46.19,2025-11-08 17:30:52
1644,125,humidity,58.39,2025-11-03 09:47:31
1645,110,pressure,43.57,2025-11-07 02:28:05
1646,109,temp,46.92,2025-11-06 19:12:47
1647,138,humidity,48.14,2025-11-04 16:34:14
1648,112,humidity,21.25,2025-11-05 23:21:38
1649,124,pressure,41.42,2025-11-09 04:48:28
1650,124,humidity,61.69,2025-11-01 22:55:03
1651,106,humidity,41.82,2025-11-10 15:16:50
1652,126,temp,46.42,2025-11-02 13:17:53
1653,123,pressure,49.97,2025-11-10 06:42:01
1654,111,temp,31.83,2025-11-10 12:01:57
1655,107,humidity,65.55,2025-11-08 15:41:33
1656,104,pressure,69.47,2025-11-04 09:37:34
1657,120,humidity,44.56,2025-11-02 12:35:05
1658,118,humidity,42.31,2025-11-02 20:48:57
1659,111,humidity,13.74,2025-11-06 04:08:47
1660,134,temp,27.86,2025-11-10 18:09:37
1661,138,pressure,63.67,2025-11-06 08:15:59
1662,127,humidity,32.46,2025-11-06 07:55:08
1663,124,pressure,83.43,2025-11-10 23:24:48
1664,100,pressure,41.6,2025-11-02 13:53:45
1665,131,pressure,67.35,2025-11-04 11:16:30
1666,114,humidity,78.5,2025-11-04 17:25:50
1667,133,humidity,45.46,2025-11-06 01:53:18
1668,114,temp,53.86,2025-11-05 10:31:18
1669,116,humidity,45.83,2025-11-02 09:14:37
1670,104,pressure,39.43,2025-11-10 07:26:46
1671,121,temp,42.5,2025-11-01 06:49:58
1672,139,temp,41.61,2025-11-02 00:32:22
1673,139,pressure,54.3,2025-11-02 13:08:56
1674,107,pressure,35.13,2025-11-07 12:19:40
1675,138,humidity,54.82,2025-11-04 14:16:29
1676,118,temp,45.93,2025-11-04 17:13:27
1677,126,pressure,66.65,2025-11-04 03:56:01
1678,122,pressure,40.23,2025-11-04 16:38:55
1679,112,pressure,62.34,2025-11-03 05:38:38
1680,130,temp,48.3,2025-11-06 01:28:40
1681,112,pressure,50.91,2025-11-08 22:12:23
1682,134,humidity,32.39,2025-11-03 21:40:21
1683,110,pressure,61.69,2025-11-09 19:35:54
1684,105,humidity,,2025-11-02 13:33:36
1685,130,pressure,56.73,2025-11-09 14:38:26
1686,121,humidity,50.7,2025-11-07 17:44:16
1687,124,temp,38.31,2025-11-06 08:20:57
1688,125,pressure,62.55,2025-11-05 19:49:09
1689,137,humidity,77.88,2025-11-04 20:43:59
1690,114,pressure,76.68,2025-11-05 02:39:52
1691,135,pressure,41.04,2025-11-10 23:10:57
1692,109,humidity,26.8,2025-11-08 02:16:07
1693,113,humidity,54.15,2025-11-07 17:37:11
1694,122,humidity,73.94,2025-11-01 11:52:34
1695,125,pressure,41.25,2025-11-01 15:27:39
1696,119,pressure,52.42,2025-11-02 09:34:40
1697,115,humidity,56.36,2025-11-04 08:34:44
1698,135,humidity,22.76,2025-11-08 06:17:56
1699,116,temp,47.51,2025-11-10 09:47:21
1700,102,humidity,63.96,2025-11-07 18:19:54
1701,123,pressure,42.93,2025-11-08 14:36:41
1702,115,pressure,45.12,2025-11-06 04:07:00
1703,112,humidity,37.4,2025-11-08 04:04:59
1704,113,pressure,43.92,2025-11-06 15:04:24
1705,138,pressure,32.14,2025-11-07 18:30:42
1706,104,humidity,46.4,2025-11-08 09:31:41
1707,119,humidity,55.32,2025-11-04 16:21:21
1708,104,temp,72.84,2025-11-08 21:29:58
1709,114,humidity,55.39,2025-11-01 14:42:21
1710,133,temp,73.12,2025-11-02 12:38:45
1711,100,temp,55.48,2025-11-05 20:46:03
1712,108,pressure,51.38,2025-11-05 09:38:47
1713,104,pressure,15.11,2025-11-02 01:10:45
1714,118,humidity,57.47,2025-11-04 08:47:18
1715,117,temp,47.06,2025-11-07 02:18:25
1716,129,pressure,31.37,2025-11-04 10:39:54
1717,122,pressure,58.07,2025-11-02 23:28:54
1718,128,pressure,54.05,2025-11-10 18:49:52
1719,123,pressure,57.51,2025-11-02 23:31:14
1720,110,temp,64.29,2025-11-03 08:58:47
1721,123,pressure,53.56,2025-11-07 11:05:26
1722,100,humidity,60.49,2025-11-04 12:54:34
1723,123,temp,70.88,2025-11-09 10:21:47
1724,133,temp,56.25,2025-11-01 11:04:32
1725,101,humidity,60.2,2025-11-03 10:53:19
1726,139,temp,45.64,2025-11-06 21:53:17
1727,127,pressure,30.51,2025-11-08 20:50:00
1728,134,pressure,55.0,2025-11-10 16:36:29
1729,131,temp,62.97,2025-11-08 14:07:47
1730,115,pressure,37.01,2025-11-01 06:33:57
1731,106,pressure,49.74,2025-11-03 16:02:45
1732,131,pressure,31.04,2025-11-03 22:32:46
1733,112,temp,52.94,2025-11-07 02:33:49
1734,105,humidity,34.75,2025-11-10 09:45:50
1735,116,temp,16.99,2025-11-10 20:19:33
1736,101,pressure,34.37,2025-11-06 05:10:19
1737,138,temp,33.55,2025-11-05 15:02:01
1738,115,temp,77.8,2025-11-06 14:02:03
1739,131,humidity,60.78,2025-11-08 18:10:05
1740,114,humidity,46.11,2025-11-08 18:46:45
1741,115,humidity,54.8,2025-11-03 17:10:57
1742,110,humidity,58.31,2025-11-03 10:52:16
1743,109,humidity,45.58,2025-11-07 09:01:59
1744,111,humidity,33.68,2025-11-02 16:54:22
1745,104,temp,47.76,2025-11-01 07:09:18
1746,136,temp,55.48,2025-11-02 06:00:10
1747,107,pressure,68.26,2025-11-03 03:15:14
1748,119,temp,13.36,2025-11-09 02:11:36
1749,135,temp,14.63,2025-11-09 09:45:11
1750,110,temp,65.24,2025-11-01 12:15:40
1751,118,pressure,24.17,2025-11-01 18:20:16
1752,112,pressure,54.21,2025-11-07 10:44:34
1753,113,temp,48.18,2025-11-10 11:48:24
1754,122,humidity,48.3,2025-11-08 05:35:29
1755,120,pressure,37.84,2025-11-10 05:42:19
1756,123,temp,82.61,2025-11-04 20:19:10
1757,124,pressure,41.89,2025-11-05 19:45:12
1758,100,humidity,41.6,2025-11-01 07:26:29
1759,120,pressure,33.02,2025-11-03 17:20:43
1760,116,pressure,68.44,2025-11-09 06:36:35
1761,101,humidity,41.92,2025-11-03 17:12:28
1762,121,humidity,22.51,2025-11-10 01:48:11
1763,126,pressure,51.08,2025-11-07 00:47:04
1764,121,humidity,42.19,2025-11-06 03:58:11
1765,102,pressure,49.12,2025-11-09 06:17:16
1766,118,pressure,70.18,2025-11-08 06:11:56
1767,109,pressure,58.49,2025-11-02 17:18:33
1768,114,temp,60.91,2025-11-07 16:08:04
1769,105,humidity,50.69,2025-11-07 09:09:39
1770,139,temp,51.18,2025-11-06 19:47:53
1771,107,humidity,43.03,2025-11-10 01:56:24
1772,103,temp,61.62,2025-11-01 19:43:46
1773,135,humidity,30.62,2025-11-08 03:36:02
1774,112,temp,48.09,2025-11-05 16:33:01
1775,111,pressure,49.29,2025-11-08 08:10:34
1776,134,humidity,47.29,2025-11-04 14:40:27
1777,111,humidity,53.14,2025-11-01 12:32:27
1778,132,pressure,55.48,2025-11-09 15:32:58
1779,126,humidity,42.47,2025-11-03 01:06:55
1780,124,pressure,33.67,2025-11-07 01:21:59
1781,139,temp,61.96,2025-11-10 01:54:53
1782,101,temp,45.93,2025-11-05 02:03:57
1783,139,humidity,66.48,2025-11-08 12:05:05
1784,130,humidity,55.05,2025-10-25 08:34:55
1785,104,pressure,62.44,2025-11-02 10:27:27
1786,102,pressure,34.72,2025-11-10 04:32:33
1787,113,pressure,66.4,2025-11-08 03:14:28
1788,109,humidity,59.66,2025-11-06 02:37:22
1789,110,temp,43.1,2025-11-01 19:45:01
1790,130,pressure,40.82,2025-11-01 08:49:10
1791,109,temp,40.93,2025-11-08 16:10:31
1792,106,temp,40.89,2025-11-09 20:26:48
1793,126,temp,45.73,2025-11-02 04:27:19
1794,115,temp,40.58,2025-11-04 03:08:01
1795,106,pressure,34.65,2025-11-09 08:46:49
1796,108,humidity,85.85,2025-11-10 08:02:12
1797,101,temp,64.55,2025-11-01 16:50:47
1798,126,humidity,34.33,2025-11-05 16:14:59
1799,111,humidity,61.63,2025-11-09 00:40:59
1800,107,humidity,43.66,2025-11-10 07:07:07
1801,134,humidity,60.63,2025-11-06 16:41:15
1802,117,temp,59.48,2025-11-05 15:28:08
1803,109,humidity,58.95,2025-11-09 14:16:27
1804,110,humidity,43.01,2025-11-02 22:02:50
1805,138,temp,45.81,2025-11-06 16:25:54
1806,107,pressure,47.47,2025-11-09 05:05:45
1807,122,humidity,18.5,2025-11-08 18:14:58
1808,101,humidity,62.21,2025-11-03 04:07:29
1809,125,temp,47.64,2025-11-06 11:06:29
1810,105,humidity,65.19,2025-11-06 13:11:33
1811,139,pressure,54.93,2025-11-05 19:30:30
1812,127,temp,58.01,2025-11-06 05:03:26
1813,130,temp,33.49,2025-11-10 05:09:01
1814,110,humidity,37.91,2025-11-04 01:31:30
1815,124,humidity,40.2,2025-11-07 02:08:34
1816,106,temp,26.29,2025-11-08 05:29:59
1817,130,pressure,43.11,2025-11-06 00:38:03
1818,122,pressure,31.26,2025-11-03 23:42:52
1819,138,pressure,29.05,2025-11-06 09:35:56
1820,120,humidity,29.08,2025-11-05 07:28:33
1821,133,humidity,35.93,2025-11-08 09:13:28
1822,109,temp,49.54,2025-11-02 07:33:20
1823,105,pressure,52.76,2025-11-02 05:05:40
1824,124,humidity,19.59,2025-11-10 18:00:18
1825,109,humidity,43.71,2025-11-03 06:20:19
1826,111,humidity,37.93,2025-11-07 14:36:26
1827,117,humidity,38.89,2025-11-10 22:00:12
1828,124,temp,40.4,2025-11-06 11:36:32
1829,113,pressure,49.36,2025-11-09 05:29:21
1830,139,humidity,46.94,2025-11-08 09:08:01
1831,126,humidity,42.53,2025-11-09 03:44:57
1832,139,temp,44.07,2025-11-05 13:30:48
1833,100,temp,47.79,2025-11-06 11:11:25
1834,127,humidity,60.96,2025-11-04 04:16:33
1835,104,humidity,52.25,2025-11-07 02:19:52
1836,100,pressure,56.36,2025-11-04 20:32:28
1837,101,humidity,49.6,2025-11-04 20:04:25
1838,127,temp,60.13,2025-11-05 15:52:58
1839,122,humidity,56.07,2025-11-07 19:34:07
1840,108,temp,45.28,2025-11-05 16:25:48
1841,128,pressure,53.37,2025-11-04 18:34:10
1842,124,temp,52.4,2025-11-03 09:08:22
1843,113,temp,71.06,2025-11-03 17:43:09
1844,137,temp,47.38,2025-11-02 19:12:14
1845,139,temp,59.72,2025-11-07 12:18:47
1846,124,humidity,30.18,2025-11-05 11:06:21
1847,137,temp,36.47,2025-11-07 13:58:52
1848,124,humidity,42.29,2025-11-07 15:29:56
1849,106,humidity,78.52,2025-11-04 03:00:49
1850,100,pressure,57.82,2025-11-04 10:26:20
1851,136,pressure,55.48,2025-11-04 11:20:13
1852,115,pressure,22.33,2025-11-10 17:17:54
1853,101,humidity,30.15,2025-11-06 01:55:01
1854,124,pressure,54.74,2025-11-02 14:09:05
1855,128,humidity,88.76,2025-11-10 01:45:17
1856,108,humidity,61.67,2025-11-07 04:26:21
1857,101,temp,33.11,2025-11-04 03:46:31
1858,108,temp,37.34,2025-11-03 11:00:30
1859,131,pressure,46.83,2025-11-07 11:49:50
1860,120,humidity,45.75,2025-11-05 20:00:01
1861,130,temp,67.54,2025-11-01 04:26:19
1862,103,temp,46.97,2025-11-02 11:27:45
1863,116,humidity,31.97,2025-11-03 06:39:12
1864,137,temp,58.16,2025-11-02 03:32:07
1865,138,temp,66.31,2025-11-08 08:11:59
1866,130,pressure,57.81,2025-11-06 13:11:47
1867,137,humidity,58.4,2025-11-09 17:25:12
1868,120,temp,47.98,2025-11-02 15:47:38
1869,123,humidity,57.26,2025-11-08 03:05:43
1870,131,temp,32.39,2025-11-01 16:44:19
1871,119,humidity,23.13,2025-11-08 15:10:27
1872,100,humidity,77.9,2025-11-01 18:44:24
1873,117,humidity,48.03,2025-11-03 12:46:07
1874,105,humidity,57.8,2025-11-02 10:21:32
1875,112,temp,40.13,2025-11-04 09:18:48
1876,118,humidity,80.55,2025-11-01 15:00:56
1877,100,temp,42.77,2025-11-02 00:32:49
1878,128,humidity,57.38,2025-11-05 14:32:39
1879,136,pressure,35.45,2025-11-10 17:07:53
1880,130,pressure,43.7,2025-11-05 10:03:27
1881,139,humidity,74.03,2025-11-06 02:26:13
1882,117,pressure,34.27,2025-11-06 11:26:39
1883,137,humidity,80.17,2025-11-06 05:20:28
1884,104,humidity,66.54,2025-11-09 18:57:35
1885,111,temp,33.88,2025-11-03 09:43:22
1886,132,humidity,62.3,2025-11-08 02:41:10
1887,116,pressure,64.39,2025-11-06 15:34:04
1888,126,temp,52.56,2025-11-04 05:54:19
1889,105,pressure,65.65,2025-11-04 06:00:38
1890,123,humidity,27.63,2025-11-06 08:24:42
1891,138,humidity,46.31,2025-11-05 08:58:57
1892,103,pressure,35.93,2025-11-03 20:20:51
1893,120,humidity,58.88,2025-11-06 01:22:46
1894,119,temp,55.95,2025-11-08 21:21:51
1895,135,humidity,42.53,2025-11-08 01:40:59
1896,116,temp,41.15,2025-11-04 07:07:26
1897,131,pressure,46.92,2025-11-01 03:48:04
1898,107,humidity,42.42,2025-11-01 19:48:49
1899,132,pressure,23.76,2025-11-09 18:12:57
1900,133,humidity,33.85,2025-11-07 00:08:54
1901,127,humidity,55.96,2025-11-06 21:44:00
1902,123,temp,46.9,2025-11-06 23:34:03
1903,108,pressure,60.42,2025-11-10 08:27:51
1904,102,humidity,44.95,2025-11-08 10:26:15
1905,109,humidity,67.44,2025-11-03 07:17:38
1906,119,temp,44.39,2025-11-01 01:08:13
1907,139,temp,47.4,2025-11-06 00:12:40
1908,101,humidity,70.55,2025-11-08 10:16:21
1909,137,pressure,34.65,2025-11-10 04:06:14
1910,123,temp,60.11,2025-11-09 13:48:37
1911,124,temp,70.44,2025-11-04 05:48:03
1912,101,humidity,45.65,2025-11-08 15:09:43
1913,104,pressure,54.74,2025-11-08 12:55:24
1914,109,humidity,56.16,2025-11-10 04:12:47
1915,111,temp,55.92,2025-11-10 02:43:12
1916,124,humidity,77.32,2025-11-08 04:41:03
1917,108,pressure,55.01,2025-11-08 01:12:21
1918,122,pressure,63.8,2025-11-05 21:14:03
1919,126,temp,41.56,2025-11-07 04:46:30
1920,139,humidity,31.25,2025-11-08 15:38:47
1921,121,pressure,51.59,2025-11-08 06:43:59
1922,128,humidity,,2025-11-04 08:18:51
1923,117,humidity,71.14,2025-11-10 02:54:36
1924,119,temp,59.22,2025-11-04 18:00:52
1925,119,humidity,51.7,2025-11-05 08:02:54
1926,124,humidity,62.38,2025-11-07 09:14:04
1927,135,temp,61.66,2025-11-06 12:13:10
1928,108,temp,67.95,2025-11-03 14:20:43
1929,114,pressure,59.87,2025-11-02 09:05:06
1930,122,pressure,60.35,2025-11-09 10:07:45
1931,134,pressure,80.5,2025-11-06 12:16:21
1932,122,humidity,55.63,2025-11-08 08:05:58
1933,132,temp,52.17,2025-11-05 16:04:08
1934,102,temp,44.36,2025-11-07 13:44:11
1935,134,temp,3.07,2025-11-10 01:34:01
1936,110,humidity,37.98,2025-11-04 03:20:29
1937,111,humidity,48.04,2025-11-08 03:25:10
1938,119,humidity,38.48,2025-11-04 13:58:37
1939,113,pressure,46.6,2025-11-02 19:41:00
1940,139,temp,49.76,2025-11-10 04:43:27
1941,131,pressure,13.28,2025-11-07 19:04:31
1942,122,temp,48.94,2025-11-07 17:45:30
1943,128,pressure,55.39,2025-11-03 19:58:01
1944,130,pressure,53.53,2025-11-08 16:29:26
1945,124,temp,46.92,2025-11-05 23:54:13
1946,118,temp,27.46,2025-11-03 17:04:50
1947,113,pressure,43.39,2025-11-06 15:03:30
1948,121,pressure,73.3,2025-11-09 18:28:05
1949,138,temp,64.41,2025-11-02 10:10:37
1950,138,humidity,60.01,2025-11-08 12:13:58
1951,114,temp,53.86,2025-11-09 09:21:22
1952,113,pressure,40.72,2025-11-10 15:58:12
1953,127,pressure,75.86,2025-11-09 08:45:35
1954,124,humidity,25.65,2025-11-01 23:15:39
1955,123,temp,60.58,2025-11-05 12:28:29
1956,126,temp,38.31,2025-11-01 13:10:34
1957,133,temp,22.0,2025-11-05 16:32:39
1958,114,pressure,44.11,2025-11-01 11:38:03
1959,135,temp,30.63,2025-11-03 12:15:17
1960,139,pressure,78.68,2025-11-02 12:05:59
1961,134,humidity,18.28,2025-11-06 22:22:25
1962,110,pressure,34.73,2025-11-10 18:34:03
1963,113,temp,42.99,2025-11-08 19:03:40
1964,118,pressure,41.96,2025-11-09 06:39:38
1965,103,temp,43.52,2025-11-07 13:43:18
1966,124,humidity,70.17,2025-11-01 20:30:22
1967,139,pressure,44.81,2025-11-10 22:52:34
1968,126,humidity,66.22,2025-11-03 13:19:56
1969,129,humidity,70.55,2025-11-07 17:48:51
1970,102,temp,50.73,2025-11-01 01:02:25
1971,125,humidity,45.3,2025-11-08 18:01:10
1972,110,pressure,56.37,2025-11-10 23:57:03
1973,126,humidity,47.26,2025-11-05 15:52:17
1974,102,pressure,56.54,2025-11-08 21:42:26
1975,118,temp,32.6,2025-11-08 19:01:38
1976,111,pressure,49.01,2025-11-10 01:09:12
1977,121,humidity,55.19,2025-11-03 07:05:18
1978,105,humidity,38.53,2025-11-03 07:53:48
1979,136,pressure,45.56,2025-11-04 11:36:05
1980,139,pressure,44.25,2025-11-06 11:10:08
1981,110,temp,15.61,2025-11-07 10:10:11
1982,123,temp,58.28,2025-11-06 12:11:27
1983,104,temp,74.68,2025-11-05 17:13:38
1984,107,pressure,63.29,2025-11-01 03:34:17
1985,109,pressure,68.16,2025-11-10 09:20:43
1986,111,humidity,76.7,2025-11-05 12:13:12
1987,112,temp,60.12,2025-11-07 06:54:57
1988,120,humidity,30.34,2025-11-06 20:59:48
1989,100,temp,70.99,2025-11-05 07:29:46
1990,137,pressure,68.19,2025-11-07 06:00:41
1991,123,humidity,54.36,2025-11-04 13:52:54
1992,136,pressure,42.95,2025-11-08 00:03:47
1993,130,temp,59.58,2025-11-01 15:06:21
1994,119,temp,61.65,2025-11-09 14:56:28
1995,122,temp,55.79,2025-11-01 23:33:00
1996,108,pressure,48.81,2025-11-05 11:07:25
1997,116,temp,33.15,2025-11-01 15:59:16
1998,121,humidity,53.56,2025-11-05 22:36:52
1999,124,pressure,34.72,2025-11-05 19:32:09
2000,134,temp,60.35,2025-11-01 14:02:06
