order_id,customer_id,store_id,order_date,payment_mode,order_status
10001,70,6,2025-08-29,CARD,DELIVERED
10002,114,6,2025-10-01,UPI,DELIVERED
10003,82,4,2025-06-22,UPI,DELIVERED
10004,108,5,2025-09-11,UPI,DELIVERED
10005,63,4,2025-09-16,CARD,DELIVERED
10006,29,4,2025-09-29,UPI,DELIVERED
10007,69,5,2025-11-13,CASH,DELIVERED
10008,30,3,2025-06-26,NETBANKING,DELIVERED
10009,1,9,2025-10-05,CARD,DELIVERED
10010,87,10,2025-08-08,CARD,DELIVERED
10011,111,5,2025-11-05,CARD,DELIVERED
10012,39,10,2025-10-29,CARD,DELIVERED
10013,82,10,2025-07-03,UPI,DELIVERED
10014,67,3,2025-08-03,NETBANKING,PLACED
10015,66,5,2026-01-01,UPI,DELIVERED
10016,41,2,2025-06-11,CASH,PLACED
10017,2,10,2025-08-17,CARD,PLACED
10018,116,7,2025-11-11,NETBANKING,PLACED
10019,102,10,2025-11-09,CARD,DELIVERED
10020,5,5,2025-07-09,CARD,DELIVERED
10021,100,10,2025-09-12,CARD,CANCELLED
10022,100,10,2025-09-21,CARD,PLACED
10023,21,10,2025-12-26,UPI,DELIVERED
10024,96,10,2025-12-14,CARD,DELIVERED
10025,89,6,2025-10-30,CARD,DELIVERED
10026,66,10,2025-06-01,CARD,DELIVERED
10027,108,8,2025-08-22,NETBANKING,CANCELLED
10028,51,7,2025-12-19,CASH,DELIVERED
10029,108,3,2025-06-07,NETBANKING,DELIVERED
10030,72,4,2025-10-24,CARD,DELIVERED
10031,90,6,2025-06-03,UPI,DELIVERED
10032,7,8,2025-06-15,CARD,DELIVERED
10033,47,10,2025-11-22,CARD,DELIVERED
10034,106,8,2025-08-06,CASH,PLACED
10035,115,7,2025-07-02,CARD,DELIVERED
10036,5,8,2025-10-15,CASH,DELIVERED
10037,65,6,2025-08-17,CARD,DELIVERED
10038,31,6,2025-11-17,UPI,DELIVERED
10039,115,4,2025-11-02,UPI,DELIVERED
10040,19,4,2025-09-12,UPI,DELIVERED
10041,1,10,2025-06-19,NETBANKING,PLACED
10042,76,4,2025-08-24,CASH,DELIVERED
10043,117,5,2025-06-24,NETBANKING,RETURNED
10044,85,4,2025-12-01,CARD,DELIVERED
10045,40,5,2025-11-04,UPI,DELIVERED
10046,92,7,2025-09-01,UPI,DELIVERED
10047,48,2,2025-10-02,CARD,DELIVERED
10048,98,7,2025-12-25,CASH,DELIVERED
10049,3,8,2025-07-16,UPI,DELIVERED
10050,31,5,2025-09-06,CARD,DELIVERED
10051,63,6,2025-12-10,CARD,PLACED
10052,36,9,2025-06-02,CARD,DELIVERED
10053,96,7,2025-06-25,CASH,DELIVERED
10054,69,5,2025-09-12,UPI,PLACED
10055,73,5,2025-07-29,UPI,DELIVERED
10056,20,4,2025-07-07,UPI,RETURNED
10057,2,2,2025-07-13,CASH,DELIVERED
10058,116,3,2025-07-18,CARD,DELIVERED
10059,95,5,2025-08-26,UPI,DELIVERED
10060,69,6,2025-11-19,UPI,DELIVERED
10061,7,4,2025-10-08,NETBANKING,DELIVERED
10062,95,3,2025-08-24,CARD,CANCELLED
10063,72,1,2025-12-18,CARD,DELIVERED
10064,108,2,2025-08-27,UPI,DELIVERED
10065,28,7,2025-11-22,CARD,DELIVERED
10066,91,1,2025-07-22,CARD,PLACED
10067,74,4,2025-10-04,NETBANKING,DELIVERED
10068,114,1,2025-06-28,UPI,DELIVERED
10069,93,9,2025-07-06,NETBANKING,DELIVERED
10070,41,10,2025-12-24,CASH,DELIVERED
10071,43,7,2025-10-29,UPI,DELIVERED
10072,39,9,2025-09-25,UPI,DELIVERED
10073,9,4,2025-08-29,CASH,DELIVERED
10074,101,9,2025-09-26,UPI,DELIVERED
10075,75,1,2025-12-07,UPI,RETURNED
10076,95,6,2025-12-01,UPI,PLACED
10077,52,1,2025-06-26,CARD,DELIVERED
10078,22,1,2025-07-01,CARD,DELIVERED
10079,96,2,2025-09-15,CASH,DELIVERED
10080,26,8,2025-08-16,UPI,DELIVERED
10081,70,8,2025-12-03,UPI,DELIVERED
10082,95,5,2025-11-22,CASH,DELIVERED
10083,46,5,2025-08-27,CARD,DELIVERED
10084,108,8,2025-09-11,UPI,DELIVERED
10085,32,7,2025-12-05,CASH,DELIVERED
10086,55,6,2025-08-28,UPI,DELIVERED
10087,93,4,2025-08-26,UPI,DELIVERED
10088,84,4,2025-11-03,CARD,RETURNED
10089,57,9,2025-10-09,UPI,DELIVERED
10090,35,4,2025-07-21,UPI,DELIVERED
10091,30,6,2025-10-25,UPI,PLACED
10092,61,9,2025-09-16,CARD,DELIVERED
10093,24,6,2025-06-18,UPI,DELIVERED
10094,88,5,2025-07-23,CASH,DELIVERED
10095,24,6,2025-12-27,UPI,DELIVERED
10096,42,3,2025-06-05,UPI,PLACED
10097,67,2,2025-08-29,CARD,DELIVERED
10098,83,8,2025-08-15,UPI,CANCELLED
10099,14,9,2025-09-10,UPI,RETURNED
10100,7,9,2025-07-29,CASH,DELIVERED
10101,9,8,2025-06-04,CARD,PLACED
10102,81,3,2025-11-06,NETBANKING,DELIVERED
10103,71,9,2025-12-23,UPI,DELIVERED
10104,27,6,2025-12-15,UPI,DELIVERED
10105,62,9,2025-08-02,NETBANKING,CANCELLED
10106,89,9,2025-06-01,UPI,DELIVERED
10107,38,7,2025-09-17,CARD,DELIVERED
10108,77,7,2025-09-29,UPI,PLACED
10109,112,8,2025-08-19,CARD,DELIVERED
10110,66,7,2025-12-06,UPI,CANCELLED
10111,9,1,2025-09-09,NETBANKING,RETURNED
10112,9,6,2025-07-15,CARD,PLACED
10113,39,8,2025-10-20,CARD,PLACED
10114,42,8,2025-09-05,CARD,DELIVERED
10115,70,9,2025-09-25,UPI,DELIVERED
10116,46,3,2025-07-26,CASH,DELIVERED
10117,97,8,2025-11-30,UPI,DELIVERED
10118,25,3,2025-08-15,CASH,DELIVERED
10119,22,4,2025-12-11,UPI,DELIVERED
10120,11,2,2025-09-05,CARD,DELIVERED
10121,97,8,2025-10-13,UPI,DELIVERED
10122,110,3,2025-07-19,UPI,DELIVERED
10123,19,8,2025-10-10,UPI,PLACED
10124,103,3,2025-11-14,UPI,DELIVERED
10125,26,2,2025-07-26,CARD,DELIVERED
10126,75,3,2025-10-11,UPI,PLACED
10127,84,7,2026-01-06,UPI,DELIVERED
10128,24,1,2025-09-13,UPI,DELIVERED
10129,71,1,2025-07-01,NETBANKING,DELIVERED
10130,17,4,2025-06-27,UPI,CANCELLED
10131,120,7,2025-07-17,UPI,DELIVERED
10132,9,6,2025-07-26,UPI,DELIVERED
10133,78,3,2025-07-12,CASH,DELIVERED
10134,53,9,2025-07-25,UPI,CANCELLED
10135,8,8,2025-06-27,CARD,DELIVERED
10136,115,8,2025-08-31,CASH,RETURNED
10137,105,7,2026-01-04,CASH,DELIVERED
10138,82,2,2025-12-09,CARD,DELIVERED
10139,67,1,2025-12-12,CASH,DELIVERED
10140,65,3,2025-10-28,CARD,DELIVERED
10141,6,2,2025-12-30,UPI,DELIVERED
10142,74,9,2025-12-20,UPI,DELIVERED
10143,37,10,2025-09-06,CASH,DELIVERED
10144,52,4,2025-07-08,UPI,DELIVERED
10145,16,8,2025-07-15,NETBANKING,DELIVERED
10146,34,4,2025-11-25,UPI,DELIVERED
10147,110,10,2025-12-28,CASH,PLACED
10148,53,5,2025-07-16,UPI,DELIVERED
10149,47,2,2025-08-21,NETBANKING,PLACED
10150,49,10,2025-07-26,CARD,PLACED
10151,52,9,2025-06-18,CARD,DELIVERED
10152,57,8,2025-12-18,CARD,DELIVERED
10153,45,2,2025-09-27,UPI,PLACED
10154,109,9,2025-08-17,CARD,CANCELLED
10155,16,6,2025-08-02,CASH,DELIVERED
10156,114,5,2025-07-18,CASH,DELIVERED
10157,19,5,2025-08-09,UPI,DELIVERED
10158,65,4,2025-10-29,NETBANKING,DELIVERED
10159,54,5,2025-07-11,CARD,RETURNED
10160,72,6,2025-07-22,UPI,DELIVERED
10161,54,6,2025-12-28,UPI,DELIVERED
10162,80,3,2025-08-05,CARD,DELIVERED
10163,59,7,2025-11-21,UPI,RETURNED
10164,67,7,2025-11-29,UPI,DELIVERED
10165,42,6,2025-07-03,UPI,DELIVERED
10166,2,1,2025-11-28,UPI,RETURNED
10167,56,5,2025-09-24,UPI,CANCELLED
10168,55,8,2025-12-17,UPI,DELIVERED
10169,21,8,2025-10-11,NETBANKING,DELIVERED
10170,79,2,2025-06-30,CARD,DELIVERED
10171,103,1,2025-08-16,UPI,DELIVERED
10172,78,1,2025-09-09,CARD,DELIVERED
10173,32,5,2025-06-01,UPI,PLACED
10174,94,7,2025-06-03,CARD,DELIVERED
10175,91,7,2025-07-18,CASH,DELIVERED
10176,44,6,2025-08-25,CASH,DELIVERED
10177,110,4,2025-06-23,NETBANKING,DELIVERED
10178,68,5,2025-08-13,CARD,PLACED
10179,72,3,2025-08-26,UPI,PLACED
10180,14,8,2025-09-28,NETBANKING,CANCELLED
10181,83,5,2025-11-29,CARD,DELIVERED
10182,87,9,2025-08-27,UPI,PLACED
10183,99,6,2025-11-19,UPI,DELIVERED
10184,103,5,2025-07-23,CASH,DELIVERED
10185,70,4,2025-06-11,UPI,DELIVERED
10186,115,9,2025-10-15,CARD,DELIVERED
10187,21,4,2025-08-15,CASH,DELIVERED
10188,40,1,2025-09-28,CARD,DELIVERED
10189,68,10,2025-07-10,UPI,RETURNED
10190,78,3,2025-07-27,UPI,DELIVERED
10191,15,4,2025-08-07,UPI,DELIVERED
10192,20,1,2025-09-24,CASH,PLACED
10193,104,10,2025-08-11,CARD,DELIVERED
10194,44,3,2025-09-21,CARD,PLACED
10195,110,7,2025-06-17,UPI,DELIVERED
10196,39,9,2025-08-10,UPI,DELIVERED
10197,94,3,2025-06-08,CARD,DELIVERED
10198,17,4,2025-08-17,UPI,DELIVERED
10199,113,2,2025-06-17,UPI,PLACED
10200,8,7,2025-06-03,CASH,PLACED
10201,48,8,2025-09-12,UPI,PLACED
10202,99,10,2025-10-11,UPI,DELIVERED
10203,119,8,2025-12-12,UPI,DELIVERED
10204,80,6,2025-06-30,CARD,DELIVERED
10205,33,5,2025-08-17,CARD,DELIVERED
10206,113,3,2025-12-09,CARD,DELIVERED
10207,112,10,2025-06-25,CARD,DELIVERED
10208,106,10,2025-12-10,UPI,DELIVERED
10209,85,4,2025-12-31,CASH,DELIVERED
10210,76,9,2025-09-08,UPI,DELIVERED
10211,58,6,2025-09-16,UPI,DELIVERED
10212,104,6,2026-01-05,CARD,DELIVERED
10213,57,9,2025-12-25,UPI,DELIVERED
10214,97,2,2025-10-11,UPI,PLACED
10215,35,2,2025-10-28,UPI,RETURNED
10216,82,7,2025-11-03,UPI,DELIVERED
10217,69,7,2025-11-20,NETBANKING,DELIVERED
10218,118,2,2025-09-29,CARD,DELIVERED
10219,10,8,2025-12-20,CASH,RETURNED
10220,47,6,2025-11-03,CASH,CANCELLED
10221,106,8,2025-12-10,UPI,DELIVERED
10222,114,8,2025-08-25,CARD,PLACED
10223,15,8,2025-06-26,CARD,PLACED
10224,77,8,2025-09-18,UPI,PLACED
10225,1,2,2025-12-13,UPI,DELIVERED
10226,118,5,2025-06-06,CARD,PLACED
10227,59,8,2025-10-07,UPI,DELIVERED
10228,33,4,2025-11-21,UPI,DELIVERED
10229,103,8,2025-06-18,UPI,DELIVERED
10230,11,6,2025-08-14,CASH,DELIVERED
10231,39,1,2025-07-10,UPI,DELIVERED
10232,63,6,2025-10-30,UPI,PLACED
10233,38,8,2025-12-12,CASH,DELIVERED
10234,92,8,2025-12-29,UPI,DELIVERED
10235,119,8,2026-01-01,UPI,DELIVERED
10236,11,5,2025-08-16,UPI,PLACED
10237,98,1,2025-07-23,UPI,DELIVERED
10238,92,6,2025-06-25,CARD,DELIVERED
10239,78,4,2025-06-03,NETBANKING,DELIVERED
10240,41,9,2025-12-17,UPI,DELIVERED
10241,10,7,2025-09-10,NETBANKING,DELIVERED
10242,102,2,2025-08-11,NETBANKING,DELIVERED
10243,26,2,2025-11-26,UPI,DELIVERED
10244,31,3,2025-12-06,CARD,DELIVERED
10245,56,6,2025-07-06,CASH,DELIVERED
10246,61,7,2025-09-05,UPI,CANCELLED
10247,116,9,2025-09-23,CARD,RETURNED
10248,22,5,2025-06-26,UPI,DELIVERED
10249,95,1,2025-11-17,CARD,DELIVERED
10250,27,10,2025-12-30,CARD,DELIVERED
10251,62,10,2025-12-04,UPI,DELIVERED
10252,25,6,2025-07-22,CARD,DELIVERED
10253,44,9,2025-06-06,NETBANKING,PLACED
10254,24,8,2025-11-30,UPI,PLACED
10255,81,1,2025-10-03,CASH,PLACED
10256,6,10,2025-11-11,CARD,DELIVERED
10257,47,9,2025-08-19,CASH,DELIVERED
10258,16,3,2025-07-11,CARD,DELIVERED
10259,97,9,2025-06-05,UPI,DELIVERED
10260,77,7,2025-11-03,UPI,DELIVERED
10261,106,6,2025-06-09,CASH,CANCELLED
10262,74,6,2025-08-05,CARD,DELIVERED
10263,21,5,2025-06-21,CARD,DELIVERED
10264,103,3,2025-06-03,UPI,DELIVERED
10265,48,10,2025-11-22,CARD,DELIVERED
10266,57,4,2025-08-17,UPI,RETURNED
10267,2,4,2025-06-09,UPI,DELIVERED
10268,61,8,2025-10-28,UPI,DELIVERED
10269,44,1,2025-10-18,CARD,DELIVERED
10270,11,10,2025-08-04,UPI,DELIVERED
10271,78,5,2025-06-11,CARD,CANCELLED
10272,57,1,2025-09-14,CASH,DELIVERED
10273,118,4,2025-09-29,UPI,CANCELLED
10274,57,3,2025-09-22,UPI,DELIVERED
10275,66,1,2025-11-09,CARD,PLACED
10276,13,3,2025-06-28,CARD,DELIVERED
10277,11,2,2025-07-02,CASH,DELIVERED
10278,11,5,2025-10-18,CARD,DELIVERED
10279,51,4,2025-07-02,CASH,RETURNED
10280,50,9,2025-07-04,UPI,CANCELLED
10281,116,2,2025-06-10,UPI,DELIVERED
10282,75,3,2025-08-18,CASH,DELIVERED
10283,109,4,2025-08-06,CARD,DELIVERED
10284,104,6,2025-08-13,UPI,DELIVERED
10285,42,10,2025-12-21,UPI,DELIVERED
10286,106,8,2025-09-30,CARD,PLACED
10287,68,7,2025-08-05,CARD,DELIVERED
10288,108,6,2025-12-09,CARD,DELIVERED
10289,74,4,2025-08-21,CASH,DELIVERED
10290,53,8,2025-10-12,NETBANKING,DELIVERED
10291,25,8,2025-09-20,CARD,DELIVERED
10292,38,6,2025-12-05,NETBANKING,DELIVERED
10293,79,7,2025-11-14,CARD,DELIVERED
10294,35,1,2025-09-04,CASH,DELIVERED
10295,116,10,2025-07-21,UPI,DELIVERED
10296,32,3,2025-10-21,UPI,PLACED
10297,75,9,2025-09-29,UPI,PLACED
10298,99,4,2025-12-27,CARD,DELIVERED
10299,111,2,2026-01-01,UPI,DELIVERED
10300,81,5,2025-10-23,UPI,DELIVERED
10301,72,9,2025-09-21,NETBANKING,DELIVERED
10302,100,3,2025-06-06,CARD,DELIVERED
10303,85,4,2025-09-22,CARD,DELIVERED
10304,100,2,2025-11-15,CARD,PLACED
10305,87,1,2025-10-03,CARD,DELIVERED
10306,56,7,2025-08-24,UPI,PLACED
10307,65,9,2025-10-03,UPI,DELIVERED
10308,49,1,2025-10-09,CASH,CANCELLED
10309,87,1,2025-06-23,NETBANKING,DELIVERED
10310,112,3,2025-10-11,UPI,PLACED
10311,83,6,2025-09-12,CARD,DELIVERED
10312,51,2,2025-07-22,UPI,DELIVERED
10313,29,4,2025-09-05,CASH,RETURNED
10314,18,1,2026-01-03,CARD,DELIVERED
10315,16,3,2025-11-25,CASH,PLACED
10316,96,6,2025-07-25,NETBANKING,DELIVERED
10317,36,3,2025-10-17,CASH,DELIVERED
10318,116,3,2025-06-17,CASH,DELIVERED
10319,114,7,2025-11-17,UPI,DELIVERED
10320,92,4,2025-09-28,UPI,DELIVERED
10321,18,1,2025-09-24,NETBANKING,RETURNED
10322,60,1,2025-07-14,UPI,DELIVERED
10323,10,6,2025-12-04,NETBANKING,DELIVERED
10324,3,1,2025-10-26,CARD,DELIVERED
10325,10,10,2025-06-19,CARD,DELIVERED
10326,67,9,2025-11-20,CASH,DELIVERED
10327,114,4,2025-12-28,UPI,DELIVERED
10328,29,7,2025-12-03,CASH,DELIVERED
10329,71,6,2025-06-01,UPI,DELIVERED
10330,51,5,2025-06-13,UPI,DELIVERED
10331,54,8,2025-07-16,CARD,DELIVERED
10332,41,9,2025-06-22,UPI,PLACED
10333,35,9,2025-06-17,CARD,DELIVERED
10334,64,4,2025-11-22,CASH,DELIVERED
10335,66,7,2026-01-06,CASH,DELIVERED
10336,113,10,2025-12-06,UPI,DELIVERED
10337,93,2,2025-12-28,CARD,DELIVERED
10338,109,7,2025-06-16,CARD,DELIVERED
10339,89,10,2025-09-15,CASH,DELIVERED
10340,34,3,2025-10-26,CARD,PLACED
10341,108,5,2025-12-20,UPI,DELIVERED
10342,87,5,2025-11-20,UPI,DELIVERED
10343,48,4,2025-08-29,UPI,RETURNED
10344,2,6,2025-08-04,UPI,DELIVERED
10345,30,2,2025-08-28,CARD,PLACED
10346,43,1,2025-07-03,UPI,PLACED
10347,113,9,2025-07-10,UPI,DELIVERED
10348,118,6,2025-11-24,CARD,RETURNED
10349,58,1,2025-12-24,CASH,DELIVERED
10350,71,4,2025-11-13,NETBANKING,DELIVERED
10351,99,1,2025-10-01,CASH,DELIVERED
10352,35,8,2025-07-10,CARD,DELIVERED
10353,39,6,2025-10-21,UPI,DELIVERED
10354,31,10,2025-06-28,UPI,DELIVERED
10355,56,10,2025-11-27,UPI,DELIVERED
10356,48,3,2025-06-03,UPI,DELIVERED
10357,46,6,2025-12-27,UPI,DELIVERED
10358,26,1,2025-12-02,NETBANKING,PLACED
10359,24,1,2025-10-08,CASH,DELIVERED
10360,102,8,2025-08-06,CARD,DELIVERED
10361,104,6,2025-07-01,CASH,RETURNED
10362,58,5,2025-08-13,UPI,DELIVERED
10363,35,8,2026-01-02,UPI,DELIVERED
10364,9,5,2025-08-08,NETBANKING,DELIVERED
10365,62,6,2025-07-16,UPI,DELIVERED
10366,9,2,2025-07-15,UPI,DELIVERED
10367,115,7,2025-09-09,UPI,DELIVERED
10368,100,9,2025-11-06,CASH,DELIVERED
10369,76,2,2025-08-20,CARD,DELIVERED
10370,53,1,2025-08-09,NETBANKING,DELIVERED
10371,58,6,2025-11-28,UPI,DELIVERED
10372,44,8,2025-11-15,UPI,PLACED
10373,114,3,2025-12-11,UPI,CANCELLED
10374,56,8,2026-01-05,CARD,DELIVERED
10375,11,2,2025-09-05,CARD,DELIVERED
10376,53,5,2025-07-18,CARD,DELIVERED
10377,22,1,2025-10-06,UPI,DELIVERED
10378,26,3,2025-08-17,UPI,PLACED
10379,105,9,2025-12-21,UPI,RETURNED
10380,56,1,2025-07-10,CASH,DELIVERED
10381,57,4,2025-10-18,NETBANKING,PLACED
10382,46,10,2025-09-06,UPI,DELIVERED
10383,10,1,2025-07-08,CARD,DELIVERED
10384,97,1,2025-07-25,NETBANKING,DELIVERED
10385,76,4,2025-08-28,UPI,DELIVERED
10386,59,4,2025-11-02,UPI,DELIVERED
10387,43,2,2025-12-30,UPI,DELIVERED
10388,39,7,2025-11-08,CARD,DELIVERED
10389,97,9,2025-11-14,UPI,DELIVERED
10390,41,2,2025-09-30,CASH,DELIVERED
10391,75,9,2025-07-22,CARD,DELIVERED
10392,96,6,2025-08-22,UPI,DELIVERED
10393,10,4,2025-09-21,NETBANKING,PLACED
10394,75,8,2025-10-08,NETBANKING,CANCELLED
10395,5,10,2025-11-20,CARD,PLACED
10396,23,10,2025-08-14,CASH,CANCELLED
10397,85,4,2025-12-20,CASH,DELIVERED
10398,106,2,2025-07-19,UPI,DELIVERED
10399,82,4,2025-09-13,NETBANKING,DELIVERED
10400,89,8,2025-06-03,UPI,CANCELLED
10401,84,5,2025-07-02,CARD,DELIVERED
10402,30,3,2025-11-07,CASH,DELIVERED
10403,50,8,2025-11-25,CARD,DELIVERED
10404,105,3,2025-06-16,UPI,PLACED
10405,42,4,2025-11-21,UPI,DELIVERED
10406,77,1,2025-10-13,UPI,DELIVERED
10407,88,3,2025-08-24,UPI,PLACED
10408,45,9,2025-10-29,CARD,DELIVERED
10409,35,4,2025-10-15,UPI,DELIVERED
10410,41,5,2025-10-24,CASH,DELIVERED
10411,41,10,2025-07-02,CASH,DELIVERED
10412,23,8,2025-12-17,CASH,DELIVERED
10413,7,6,2025-07-13,CARD,DELIVERED
10414,29,2,2025-08-13,UPI,CANCELLED
10415,22,8,2025-08-31,CASH,DELIVERED
10416,3,1,2025-09-10,NETBANKING,DELIVERED
10417,83,9,2025-11-07,CARD,DELIVERED
10418,64,8,2025-07-29,UPI,DELIVERED
10419,5,8,2025-08-12,UPI,RETURNED
10420,24,2,2025-11-14,UPI,DELIVERED
10421,9,5,2025-11-25,CARD,DELIVERED
10422,78,6,2025-10-07,UPI,PLACED
10423,30,2,2025-07-02,UPI,PLACED
10424,27,9,2025-06-24,CASH,DELIVERED
10425,79,4,2025-09-05,NETBANKING,DELIVERED
10426,45,7,2025-06-08,UPI,DELIVERED
10427,38,2,2025-06-01,UPI,DELIVERED
10428,103,9,2025-07-30,NETBANKING,DELIVERED
10429,28,9,2025-11-06,UPI,PLACED
10430,83,5,2026-01-06,UPI,DELIVERED
10431,116,5,2025-11-24,UPI,DELIVERED
10432,73,9,2025-10-27,CARD,DELIVERED
10433,46,2,2025-12-10,NETBANKING,DELIVERED
10434,13,6,2025-07-30,UPI,PLACED
10435,83,5,2025-06-03,UPI,DELIVERED
10436,46,7,2025-12-16,NETBANKING,DELIVERED
10437,4,2,2025-11-10,NETBANKING,PLACED
10438,84,4,2025-09-21,CARD,DELIVERED
10439,80,7,2025-11-25,UPI,DELIVERED
10440,55,1,2025-08-17,UPI,RETURNED
10441,53,4,2025-09-18,UPI,DELIVERED
10442,18,8,2025-06-29,CASH,DELIVERED
10443,65,1,2025-10-11,UPI,PLACED
10444,112,4,2025-12-08,UPI,DELIVERED
10445,96,2,2025-07-18,UPI,DELIVERED
10446,72,6,2025-10-27,UPI,DELIVERED
10447,88,7,2025-10-24,CASH,DELIVERED
10448,47,4,2025-07-10,NETBANKING,DELIVERED
10449,91,9,2026-01-01,NETBANKING,PLACED
10450,106,5,2025-08-22,CARD,DELIVERED
10451,94,4,2025-08-27,UPI,DELIVERED
10452,108,3,2025-06-15,CASH,DELIVERED
10453,103,5,2025-06-17,UPI,DELIVERED
10454,55,3,2025-10-24,UPI,DELIVERED
10455,100,5,2025-10-14,UPI,DELIVERED
10456,9,6,2025-08-01,UPI,DELIVERED
10457,75,2,2025-08-11,UPI,DELIVERED
10458,20,4,2025-07-06,CASH,DELIVERED
10459,3,1,2025-09-21,CARD,PLACED
10460,63,10,2025-12-10,UPI,PLACED
10461,115,10,2025-10-28,CASH,DELIVERED
10462,120,10,2025-09-02,UPI,DELIVERED
10463,46,7,2025-11-06,UPI,DELIVERED
10464,19,10,2025-08-13,NETBANKING,DELIVERED
10465,87,10,2025-12-03,CARD,PLACED
10466,53,1,2025-07-16,CASH,RETURNED
10467,45,8,2025-12-02,UPI,DELIVERED
10468,58,1,2025-09-21,CARD,DELIVERED
10469,114,4,2025-10-16,CARD,DELIVERED
10470,97,10,2025-10-08,CARD,DELIVERED
10471,52,10,2025-10-27,UPI,DELIVERED
10472,96,10,2025-06-17,NETBANKING,DELIVERED
10473,101,8,2025-10-22,CARD,DELIVERED
10474,24,4,2025-09-15,CASH,DELIVERED
10475,21,7,2026-01-05,CASH,DELIVERED
10476,26,8,2025-09-30,NETBANKING,DELIVERED
10477,4,9,2025-07-06,UPI,DELIVERED
10478,77,5,2025-12-12,NETBANKING,DELIVERED
10479,68,3,2025-06-20,UPI,DELIVERED
10480,72,4,2025-08-09,UPI,DELIVERED
10481,44,5,2025-08-17,UPI,DELIVERED
10482,92,1,2025-08-06,,DELIVERED
10483,63,5,2025-07-09,CARD,DELIVERED
10484,81,6,2025-07-02,CARD,DELIVERED
10485,76,3,2025-06-12,CASH,DELIVERED
10486,32,6,2026-01-01,CARD,DELIVERED
10487,17,8,2025-08-03,NETBANKING,PLACED
10488,39,5,2025-12-10,UPI,DELIVERED
10489,5,4,2025-06-22,CARD,DELIVERED
10490,4,8,2025-07-14,UPI,DELIVERED
10491,91,1,2025-06-02,CARD,DELIVERED
10492,79,5,2025-10-21,CARD,DELIVERED
10493,53,7,2025-08-22,CARD,PLACED
10494,20,9,2025-12-01,UPI,DELIVERED
10495,25,10,2025-11-11,UPI,RETURNED
10496,4,7,2025-10-17,UPI,DELIVERED
10497,77,3,2025-10-01,CARD,DELIVERED
10498,51,8,2025-11-25,CASH,DELIVERED
10499,18,5,2025-06-07,CARD,DELIVERED
10500,71,6,2025-06-11,UPI,DELIVERED
10501,10,2,2025-11-22,CASH,PLACED
10502,110,5,2025-07-28,CARD,DELIVERED
10503,28,3,2025-11-02,CASH,PLACED
10504,14,1,2025-09-26,CARD,CANCELLED
10505,120,8,2025-09-19,NETBANKING,DELIVERED
10506,39,7,2025-10-21,CARD,DELIVERED
10507,80,6,2025-06-08,NETBANKING,DELIVERED
10508,80,7,2025-08-03,UPI,RETURNED
10509,99,6,2025-11-06,CARD,DELIVERED
10510,14,8,2025-09-15,UPI,DELIVERED
10511,69,3,2025-11-21,NETBANKING,DELIVERED
10512,44,1,2025-08-28,NETBANKING,CANCELLED
10513,109,5,2025-07-15,NETBANKING,DELIVERED
10514,31,6,2025-12-18,CASH,PLACED
10515,82,5,2025-12-02,UPI,PLACED
10516,6,10,2025-09-29,UPI,PLACED
10517,13,1,2026-01-04,UPI,PLACED
10518,41,3,2025-07-02,CARD,DELIVERED
10519,86,3,2025-07-12,UPI,DELIVERED
10520,41,9,2025-09-15,NETBANKING,DELIVERED
10521,74,10,2025-08-28,NETBANKING,DELIVERED
10522,31,7,2025-08-18,UPI,PLACED
10523,59,9,2025-07-28,CARD,PLACED
10524,115,1,2025-08-19,CARD,PLACED
10525,4,3,2025-06-11,UPI,DELIVERED
10526,60,8,2025-11-09,UPI,DELIVERED
10527,37,3,2025-08-14,CASH,PLACED
10528,120,3,2025-10-06,,DELIVERED
10529,21,4,2025-07-19,UPI,DELIVERED
10530,103,9,2026-01-06,CASH,DELIVERED
10531,38,4,2025-07-15,UPI,DELIVERED
10532,32,1,2025-07-20,CARD,DELIVERED
10533,95,4,2025-06-30,CARD,DELIVERED
10534,13,7,2025-07-02,UPI,PLACED
10535,5,8,2025-06-09,UPI,DELIVERED
10536,92,8,2025-09-21,UPI,DELIVERED
10537,5,10,2025-12-18,UPI,DELIVERED
10538,60,9,2025-08-27,UPI,PLACED
10539,21,7,2025-07-07,CASH,DELIVERED
10540,45,2,2025-11-28,CARD,DELIVERED
10541,5,8,2025-08-02,UPI,DELIVERED
10542,52,2,2025-10-23,CARD,DELIVERED
10543,118,1,2025-10-12,CARD,PLACED
10544,103,5,2025-07-13,CASH,DELIVERED
10545,119,10,2025-12-22,UPI,DELIVERED
10546,12,7,2025-08-23,UPI,DELIVERED
10547,44,6,2025-12-13,UPI,DELIVERED
10548,9,5,2025-08-16,CASH,DELIVERED
10549,4,3,2025-07-20,CARD,CANCELLED
10550,31,3,2025-08-01,UPI,DELIVERED
10551,39,2,2025-12-22,NETBANKING,PLACED
10552,72,8,2025-11-29,UPI,DELIVERED
10553,94,3,2025-11-10,CASH,DELIVERED
10554,56,3,2025-09-21,CARD,DELIVERED
10555,82,9,2025-12-15,CARD,DELIVERED
10556,37,2,2025-08-20,UPI,RETURNED
10557,107,6,2025-11-11,UPI,DELIVERED
10558,83,6,2025-08-08,UPI,DELIVERED
10559,10,1,2025-06-27,UPI,DELIVERED
10560,83,3,2025-11-21,UPI,CANCELLED
10561,1,5,2025-06-18,UPI,PLACED
10562,32,4,2025-07-22,UPI,DELIVERED
10563,64,1,2025-11-16,NETBANKING,DELIVERED
10564,98,1,2025-08-25,CARD,DELIVERED
10565,42,3,2025-12-14,UPI,CANCELLED
10566,15,2,2025-12-28,UPI,DELIVERED
10567,53,4,2025-06-04,UPI,DELIVERED
10568,106,3,2025-12-09,UPI,DELIVERED
10569,70,1,2025-08-18,UPI,DELIVERED
10570,13,9,2025-06-04,UPI,DELIVERED
10571,64,9,2025-07-20,CARD,DELIVERED
10572,75,9,2025-10-13,CARD,DELIVERED
10573,29,6,2025-08-26,CASH,DELIVERED
10574,33,3,2025-12-01,CASH,DELIVERED
10575,70,10,2025-12-17,UPI,PLACED
10576,37,10,2025-08-05,UPI,DELIVERED
10577,109,2,2025-08-17,CASH,DELIVERED
10578,93,9,2025-11-29,UPI,DELIVERED
10579,98,1,2025-08-23,CASH,DELIVERED
10580,96,5,2025-09-11,CASH,DELIVERED
10581,114,7,2025-12-14,UPI,DELIVERED
10582,19,10,2025-07-28,CASH,DELIVERED
10583,4,3,2025-12-26,CASH,PLACED
10584,118,4,2025-07-07,CARD,CANCELLED
10585,81,1,2025-08-15,UPI,DELIVERED
10586,112,10,2025-12-29,CARD,RETURNED
10587,22,3,2025-12-18,CARD,DELIVERED
10588,42,9,2025-08-03,CASH,DELIVERED
10589,93,4,2025-09-07,CARD,PLACED
10590,90,9,2025-08-19,NETBANKING,DELIVERED
10591,68,4,2025-12-06,UPI,DELIVERED
10592,105,5,2025-09-13,CASH,DELIVERED
10593,86,7,2025-11-02,CARD,DELIVERED
10594,7,9,2025-10-10,CARD,PLACED
10595,62,4,2025-11-01,UPI,DELIVERED
10596,84,2,2025-10-09,UPI,CANCELLED
10597,58,6,2025-11-09,UPI,DELIVERED
10598,3,9,2025-09-14,UPI,DELIVERED
10599,1,5,2025-09-16,CASH,DELIVERED
10600,81,6,2025-08-03,UPI,PLACED
10601,92,8,2025-08-26,UPI,CANCELLED
10602,17,5,2025-06-26,UPI,CANCELLED
10603,101,4,2025-07-12,UPI,PLACED
10604,82,10,2025-08-26,UPI,PLACED
10605,84,3,2025-10-14,UPI,DELIVERED
10606,7,6,2025-06-25,CARD,PLACED
10607,114,5,2025-08-01,UPI,DELIVERED
10608,9,8,2025-08-14,UPI,PLACED
10609,32,10,2025-12-25,UPI,DELIVERED
10610,66,1,2025-07-29,CARD,DELIVERED
10611,76,9,2025-07-02,NETBANKING,DELIVERED
10612,20,8,2025-10-05,CARD,DELIVERED
10613,34,4,2025-11-01,UPI,DELIVERED
10614,21,8,2025-08-26,CARD,DELIVERED
10615,88,7,2025-07-07,CASH,DELIVERED
10616,100,1,2025-08-26,CARD,DELIVERED
10617,80,4,2025-09-04,UPI,DELIVERED
10618,30,5,2025-09-03,CARD,DELIVERED
10619,59,3,2025-12-14,UPI,DELIVERED
10620,68,1,2025-12-15,CARD,DELIVERED
10621,47,3,2025-12-01,NETBANKING,DELIVERED
10622,46,7,2025-11-04,CARD,DELIVERED
10623,49,2,2025-07-07,UPI,CANCELLED
10624,30,10,2025-06-16,CARD,DELIVERED
10625,47,5,2025-12-26,CARD,DELIVERED
10626,57,2,2025-11-21,UPI,DELIVERED
10627,25,6,2025-06-22,UPI,DELIVERED
10628,74,8,2025-06-03,CARD,DELIVERED
10629,42,6,2025-10-28,UPI,DELIVERED
10630,57,2,2025-06-30,CASH,DELIVERED
10631,86,4,2025-06-05,UPI,DELIVERED
10632,60,10,2025-09-19,CARD,DELIVERED
10633,103,4,2025-10-28,UPI,DELIVERED
10634,11,1,2025-07-31,UPI,DELIVERED
10635,55,7,2025-07-16,CARD,CANCELLED
10636,112,4,2025-07-20,CARD,DELIVERED
10637,76,10,2025-08-11,NETBANKING,PLACED
10638,50,6,2025-10-27,CARD,CANCELLED
10639,11,2,2025-06-21,CARD,CANCELLED
10640,114,1,2025-12-30,UPI,DELIVERED
10641,32,10,2025-08-18,UPI,RETURNED
10642,3,3,2025-08-06,CARD,DELIVERED
10643,5,4,2025-07-18,CARD,PLACED
10644,78,10,2025-06-09,UPI,DELIVERED
10645,118,3,2025-08-11,UPI,DELIVERED
10646,47,8,2025-06-23,UPI,DELIVERED
10647,53,8,2025-11-14,CASH,DELIVERED
10648,110,8,2025-06-14,CARD,DELIVERED
10649,89,1,2025-06-14,NETBANKING,DELIVERED
10650,26,10,2025-10-31,UPI,DELIVERED
10651,60,8,2025-06-15,NETBANKING,DELIVERED
10652,7,5,2025-08-20,CASH,DELIVERED
10653,60,9,2025-06-07,CASH,DELIVERED
10654,34,7,2025-11-04,CARD,DELIVERED
10655,20,7,2025-07-21,UPI,PLACED
10656,30,9,2025-07-09,CARD,PLACED
10657,82,8,2025-08-02,CARD,RETURNED
10658,41,7,2025-09-29,UPI,DELIVERED
10659,108,7,2025-10-11,UPI,DELIVERED
10660,2,4,2025-07-18,UPI,DELIVERED
10661,103,7,2025-09-12,UPI,DELIVERED
10662,13,1,2025-07-27,NETBANKING,DELIVERED
10663,19,7,2025-07-13,UPI,DELIVERED
10664,17,2,2025-12-13,UPI,DELIVERED
10665,62,1,2025-12-29,UPI,DELIVERED
10666,61,1,2025-08-15,CARD,DELIVERED
10667,11,3,2025-09-03,NETBANKING,DELIVERED
10668,117,8,2025-11-12,UPI,RETURNED
10669,66,1,2025-12-09,UPI,DELIVERED
10670,29,3,2025-06-17,UPI,DELIVERED
10671,19,4,2025-10-04,CASH,DELIVERED
10672,49,6,2025-08-06,CASH,CANCELLED
10673,68,8,2025-08-14,UPI,RETURNED
10674,100,10,2025-06-09,UPI,CANCELLED
10675,24,7,2025-11-16,CARD,DELIVERED
10676,42,5,2025-10-09,UPI,PLACED
10677,45,1,2025-11-19,CARD,DELIVERED
10678,49,9,2025-07-02,CASH,RETURNED
10679,26,8,2025-08-09,UPI,DELIVERED
10680,102,8,2025-08-10,NETBANKING,DELIVERED
10681,25,3,2025-08-12,UPI,DELIVERED
10682,49,6,2025-11-15,CARD,DELIVERED
10683,112,9,2025-10-05,UPI,DELIVERED
10684,69,5,2025-10-26,CARD,DELIVERED
10685,66,10,2025-10-31,CARD,PLACED
10686,8,3,2025-11-19,CARD,DELIVERED
10687,20,10,2025-12-06,CASH,CANCELLED
10688,28,3,2025-08-25,CARD,PLACED
10689,55,9,2025-11-24,CARD,DELIVERED
10690,58,9,2025-09-27,UPI,DELIVERED
10691,10,1,2025-07-23,CASH,CANCELLED
10692,28,10,2025-10-02,UPI,DELIVERED
10693,84,3,2025-11-09,UPI,DELIVERED
10694,9,4,2025-10-17,NETBANKING,CANCELLED
10695,14,6,2025-12-08,CASH,PLACED
10696,63,2,2025-12-04,NETBANKING,DELIVERED
10697,81,3,2025-10-26,UPI,PLACED
10698,53,5,2025-08-29,UPI,DELIVERED
10699,54,9,2025-10-28,UPI,CANCELLED
10700,15,7,2025-08-31,NETBANKING,DELIVERED
10701,53,5,2025-12-30,CARD,DELIVERED
10702,10,3,2025-06-24,NETBANKING,DELIVERED
10703,15,3,2025-06-04,NETBANKING,DELIVERED
10704,56,9,2025-06-27,CARD,DELIVERED
10705,92,8,2025-09-14,NETBANKING,DELIVERED
10706,28,6,2025-06-23,CASH,DELIVERED
10707,19,10,2025-09-11,CASH,DELIVERED
10708,62,1,2025-09-02,UPI,DELIVERED
10709,113,4,2025-06-27,CARD,DELIVERED
10710,50,4,2025-08-25,UPI,RETURNED
10711,38,8,2025-12-19,NETBANKING,DELIVERED
10712,88,6,2025-08-31,CASH,DELIVERED
10713,87,7,2025-08-06,CARD,RETURNED
10714,33,6,2025-09-12,CARD,DELIVERED
10715,99,1,2025-08-27,NETBANKING,DELIVERED
10716,97,3,2025-08-02,CARD,DELIVERED
10717,8,3,2025-09-27,NETBANKING,DELIVERED
10718,44,5,2025-12-21,NETBANKING,DELIVERED
10719,30,8,2025-09-08,UPI,DELIVERED
10720,48,6,2025-06-19,CASH,DELIVERED
10721,75,10,2025-07-02,CARD,DELIVERED
10722,115,8,2025-08-19,UPI,DELIVERED
10723,116,4,2025-09-17,CASH,PLACED
10724,25,5,2025-09-15,CARD,DELIVERED
10725,57,1,2025-11-12,CARD,DELIVERED
10726,100,1,2025-07-01,UPI,DELIVERED
10727,40,4,2025-10-22,CARD,PLACED
10728,41,3,2025-06-16,NETBANKING,DELIVERED
10729,20,9,2025-10-18,UPI,DELIVERED
10730,12,10,2025-12-19,UPI,DELIVERED
10731,115,3,2025-07-06,UPI,DELIVERED
10732,65,4,2025-10-23,NETBANKING,PLACED
10733,102,8,2025-07-20,NETBANKING,PLACED
10734,95,10,2025-11-08,CARD,DELIVERED
10735,95,7,2025-10-19,CASH,DELIVERED
10736,76,6,2025-12-24,UPI,DELIVERED
10737,95,5,2025-06-12,UPI,DELIVERED
10738,90,5,2025-12-09,UPI,DELIVERED
10739,33,4,2025-11-05,UPI,PLACED
10740,84,6,2025-11-11,CARD,DELIVERED
10741,98,6,2025-12-28,CASH,DELIVERED
10742,53,4,2025-06-17,UPI,DELIVERED
10743,62,5,2025-11-21,NETBANKING,DELIVERED
10744,63,5,2025-10-28,UPI,DELIVERED
10745,7,4,2025-09-24,UPI,DELIVERED
10746,84,1,2025-08-29,UPI,PLACED
10747,50,7,2025-11-10,UPI,DELIVERED
10748,27,2,2025-07-23,CARD,DELIVERED
10749,31,10,2025-12-20,CASH,DELIVERED
10750,1,1,2025-08-31,CARD,DELIVERED
10751,80,2,2025-09-30,,DELIVERED
10752,11,4,2025-11-29,CASH,DELIVERED
10753,22,10,2025-06-18,NETBANKING,DELIVERED
10754,69,2,2025-12-17,UPI,DELIVERED
10755,2,5,2025-06-23,CASH,DELIVERED
10756,109,4,2025-07-18,UPI,RETURNED
10757,47,6,2025-08-31,UPI,DELIVERED
10758,107,8,2025-06-04,UPI,CANCELLED
10759,11,4,2025-12-23,CARD,DELIVERED
10760,83,2,2025-08-13,UPI,DELIVERED
10761,52,4,2026-01-04,UPI,CANCELLED
10762,59,2,2025-06-15,UPI,DELIVERED
10763,95,5,2025-08-17,UPI,DELIVERED
10764,41,1,2025-07-12,UPI,DELIVERED
10765,40,6,2025-12-18,CASH,PLACED
10766,118,9,2025-09-13,CARD,CANCELLED
10767,88,6,2025-12-30,CARD,CANCELLED
10768,110,10,2025-11-06,CARD,PLACED
10769,21,8,2025-09-12,CARD,DELIVERED
10770,33,7,2025-06-21,UPI,DELIVERED
10771,47,1,2025-08-20,CASH,DELIVERED
10772,98,5,2025-08-29,UPI,DELIVERED
10773,93,4,2025-12-13,UPI,DELIVERED
10774,100,2,2025-12-31,CASH,DELIVERED
10775,57,5,2025-10-12,CARD,DELIVERED
10776,7,9,2025-12-01,UPI,PLACED
10777,65,7,2025-10-15,CARD,DELIVERED
10778,115,5,2025-06-14,CARD,CANCELLED
10779,11,4,2025-07-19,UPI,DELIVERED
10780,118,7,2025-07-10,CARD,DELIVERED
10781,5,3,2025-07-19,CASH,DELIVERED
10782,13,4,2025-09-11,NETBANKING,CANCELLED
10783,101,8,2025-06-30,UPI,DELIVERED
10784,104,9,2025-06-13,UPI,DELIVERED
10785,5,8,2025-07-28,UPI,DELIVERED
10786,98,8,2025-11-16,UPI,DELIVERED
10787,60,6,2025-09-29,UPI,DELIVERED
10788,83,3,2025-10-18,UPI,DELIVERED
10789,8,3,2025-08-05,CARD,DELIVERED
10790,13,3,2025-08-25,CASH,PLACED
10791,9,8,2026-01-06,UPI,PLACED
10792,112,10,2025-07-12,UPI,DELIVERED
10793,13,3,2025-09-06,CARD,PLACED
10794,109,6,2025-10-08,CARD,DELIVERED
10795,23,3,2025-06-13,CARD,CANCELLED
10796,22,4,2026-01-04,UPI,PLACED
10797,110,4,2025-10-13,UPI,DELIVERED
10798,44,10,2025-11-23,CARD,DELIVERED
10799,68,1,2025-09-08,UPI,RETURNED
10800,103,9,2025-10-02,CARD,DELIVERED
10801,32,9,2025-10-17,UPI,DELIVERED
10802,65,5,2025-07-25,CARD,CANCELLED
10803,78,5,2025-11-01,CARD,PLACED
10804,87,6,2025-10-04,CASH,DELIVERED
10805,94,2,2025-12-29,UPI,DELIVERED
10806,65,2,2026-01-01,CASH,DELIVERED
10807,42,9,2025-12-27,UPI,DELIVERED
10808,119,1,2025-07-19,CARD,DELIVERED
10809,11,5,2025-11-14,CASH,DELIVERED
10810,54,3,2025-11-30,NETBANKING,DELIVERED
10811,96,9,2025-10-02,CARD,DELIVERED
10812,26,3,2025-09-05,CARD,DELIVERED
10813,106,2,2025-08-10,CARD,DELIVERED
10814,11,1,2025-09-30,CASH,PLACED
10815,82,9,2025-10-03,CARD,PLACED
10816,77,5,2025-12-26,NETBANKING,DELIVERED
10817,14,10,2025-12-02,UPI,DELIVERED
10818,46,9,2025-08-17,CASH,DELIVERED
10819,78,10,2025-06-15,UPI,DELIVERED
10820,18,10,2025-06-02,UPI,DELIVERED
10821,5,7,2025-07-01,CARD,DELIVERED
10822,10,3,2025-12-27,NETBANKING,PLACED
10823,63,1,2025-09-06,CASH,DELIVERED
10824,102,2,2025-07-30,UPI,DELIVERED
10825,38,2,2025-09-24,UPI,DELIVERED
10826,14,10,2025-12-10,UPI,CANCELLED
10827,33,9,2025-08-23,UPI,DELIVERED
10828,25,9,2025-09-15,NETBANKING,PLACED
10829,86,7,2025-11-04,CASH,DELIVERED
10830,46,8,2025-06-06,UPI,DELIVERED
10831,105,5,2025-10-27,CARD,DELIVERED
10832,4,6,2025-08-23,CASH,DELIVERED
10833,82,10,2025-07-11,NETBANKING,DELIVERED
10834,94,2,2025-12-11,UPI,DELIVERED
10835,11,3,2025-07-29,CARD,DELIVERED
10836,74,6,2025-07-16,CARD,PLACED
10837,32,3,2025-08-19,UPI,RETURNED
10838,103,7,2025-06-16,UPI,DELIVERED
10839,47,7,2025-07-24,UPI,DELIVERED
10840,58,8,2025-08-21,CARD,CANCELLED
10841,120,10,2025-06-10,CARD,CANCELLED
10842,90,9,2025-06-26,UPI,DELIVERED
10843,104,4,2025-07-04,UPI,DELIVERED
10844,8,9,2025-10-09,UPI,DELIVERED
10845,75,7,2025-09-30,UPI,CANCELLED
10846,18,10,2025-07-09,CARD,DELIVERED
10847,82,5,2025-06-01,UPI,DELIVERED
10848,17,3,2025-08-04,UPI,DELIVERED
10849,77,6,2025-10-15,CARD,DELIVERED
10850,98,7,2025-10-04,UPI,DELIVERED
10851,14,3,2025-10-13,UPI,DELIVERED
10852,23,5,2025-09-21,CARD,DELIVERED
10853,104,3,2025-09-01,CASH,DELIVERED
10854,65,4,2025-12-27,UPI,DELIVERED
10855,87,2,2025-12-31,CASH,PLACED
10856,110,4,2025-10-14,CASH,RETURNED
10857,66,10,2025-10-11,UPI,DELIVERED
10858,45,6,2025-08-09,CASH,DELIVERED
10859,2,4,2025-07-31,UPI,RETURNED
10860,113,4,2025-07-18,CASH,DELIVERED
10861,91,5,2025-08-02,UPI,DELIVERED
10862,42,5,2025-07-01,CARD,DELIVERED
10863,32,10,2025-07-20,CASH,CANCELLED
10864,109,7,2025-09-25,UPI,DELIVERED
10865,113,2,2025-09-06,UPI,DELIVERED
10866,4,10,2025-10-05,CARD,DELIVERED
10867,53,3,2025-10-12,CARD,DELIVERED
10868,13,8,2026-01-03,UPI,DELIVERED
10869,72,2,2025-08-01,CASH,DELIVERED
10870,15,5,2025-06-01,CARD,DELIVERED
10871,48,2,2025-07-10,CASH,DELIVERED
10872,96,9,2025-10-23,UPI,DELIVERED
10873,40,7,2025-08-20,CARD,DELIVERED
10874,72,9,2025-07-27,CARD,PLACED
10875,66,1,2025-08-16,UPI,DELIVERED
10876,90,2,2026-01-01,UPI,CANCELLED
10877,14,8,2025-08-07,CASH,DELIVERED
10878,1,3,2025-08-24,UPI,DELIVERED
10879,93,2,2025-10-11,CASH,DELIVERED
10880,116,8,2025-06-07,UPI,CANCELLED
10881,70,3,2025-11-13,UPI,DELIVERED
10882,104,1,2025-12-24,CARD,DELIVERED
10883,89,1,2025-10-13,UPI,RETURNED
10884,73,4,2025-10-14,NETBANKING,DELIVERED
10885,87,3,2025-06-07,CARD,DELIVERED
10886,113,9,2025-07-18,CASH,DELIVERED
10887,108,7,2025-09-10,UPI,PLACED
10888,105,9,2025-07-23,CASH,DELIVERED
10889,86,4,2025-11-09,UPI,DELIVERED
10890,11,9,2025-11-22,NETBANKING,DELIVERED
10891,111,1,2025-08-15,UPI,PLACED
10892,28,9,2025-06-25,UPI,DELIVERED
10893,77,4,2025-07-19,UPI,PLACED
10894,20,6,2025-12-04,UPI,RETURNED
10895,66,1,2025-10-01,UPI,DELIVERED
10896,114,2,2025-10-22,UPI,DELIVERED
10897,56,5,2025-09-18,CASH,DELIVERED
10898,5,9,2025-12-25,CARD,DELIVERED
10899,37,7,2025-08-19,CARD,DELIVERED
10900,32,10,2025-08-05,UPI,DELIVERED
10901,26,4,2025-10-14,UPI,DELIVERED
10902,73,2,2025-11-05,CARD,PLACED
10903,4,5,2025-11-02,UPI,DELIVERED
10904,12,4,2025-06-28,CASH,PLACED
10905,115,6,2025-11-23,NETBANKING,DELIVERED
10906,65,1,2025-07-17,CASH,PLACED
10907,42,1,2025-11-28,CASH,DELIVERED
10908,1,4,2025-12-24,CARD,DELIVERED
10909,86,9,2025-10-10,CARD,DELIVERED
10910,33,10,2025-11-03,UPI,DELIVERED
10911,75,6,2025-10-23,CASH,DELIVERED
10912,48,2,2025-12-05,CARD,RETURNED
10913,79,1,2025-09-13,UPI,DELIVERED
10914,93,6,2025-12-22,CARD,CANCELLED
10915,51,4,2025-08-20,CASH,DELIVERED
10916,45,5,2025-11-29,UPI,DELIVERED
10917,109,1,2025-12-17,CARD,PLACED
10918,8,8,2025-08-11,CARD,DELIVERED
10919,106,8,2025-08-17,CASH,DELIVERED
10920,95,4,2025-08-15,UPI,DELIVERED
10921,30,5,2025-06-19,UPI,DELIVERED
10922,79,2,2025-06-10,UPI,DELIVERED
10923,53,7,2025-07-15,UPI,DELIVERED
10924,22,5,2025-10-05,UPI,DELIVERED
10925,8,1,2025-06-10,,DELIVERED
10926,105,1,2025-10-09,NETBANKING,DELIVERED
10927,78,10,2025-09-06,UPI,DELIVERED
10928,4,10,2025-08-08,UPI,PLACED
10929,61,9,2025-06-03,CARD,DELIVERED
10930,35,3,2026-01-03,CARD,DELIVERED
10931,43,1,2025-12-15,UPI,DELIVERED
10932,119,3,2025-08-06,CARD,DELIVERED
10933,115,6,2025-07-20,UPI,DELIVERED
10934,33,3,2025-12-18,CARD,DELIVERED
10935,45,8,2025-12-12,UPI,RETURNED
10936,82,8,2025-10-31,CARD,PLACED
10937,26,3,2026-01-03,CASH,DELIVERED
10938,3,4,2025-07-20,CARD,CANCELLED
10939,52,5,2025-11-22,CASH,DELIVERED
10940,107,2,2025-11-14,UPI,DELIVERED
10941,52,1,2025-11-28,UPI,PLACED
10942,17,4,2025-10-01,CARD,CANCELLED
10943,24,2,2025-12-20,UPI,DELIVERED
10944,42,3,2026-01-04,UPI,DELIVERED
10945,62,4,2025-12-17,CARD,DELIVERED
10946,113,4,2025-10-30,UPI,DELIVERED
10947,39,7,2025-06-20,UPI,PLACED
10948,28,6,2025-10-05,NETBANKING,DELIVERED
10949,88,10,2025-10-09,CARD,CANCELLED
10950,67,10,2025-12-19,UPI,DELIVERED
10951,22,7,2025-07-08,CARD,PLACED
10952,62,10,2025-07-14,CASH,DELIVERED
10953,24,2,2025-12-31,UPI,PLACED
10954,117,4,2025-11-29,UPI,CANCELLED
10955,69,4,2025-11-23,CARD,DELIVERED
10956,114,5,2025-10-15,UPI,PLACED
10957,118,5,2025-11-07,UPI,DELIVERED
10958,93,8,2025-10-04,CARD,CANCELLED
10959,57,8,2025-06-28,CASH,CANCELLED
10960,37,2,2025-08-06,CARD,RETURNED
10961,51,5,2025-08-25,NETBANKING,DELIVERED
10962,7,5,2026-01-03,CARD,PLACED
10963,85,3,2025-08-07,CASH,DELIVERED
10964,10,5,2025-07-25,UPI,DELIVERED
10965,59,4,2025-06-23,CARD,PLACED
10966,6,9,2025-11-05,UPI,DELIVERED
10967,37,7,2025-07-12,UPI,DELIVERED
10968,17,1,2025-11-11,UPI,DELIVERED
10969,64,5,2025-11-01,UPI,DELIVERED
10970,48,3,2025-11-06,UPI,DELIVERED
10971,24,10,2025-06-09,CARD,DELIVERED
10972,95,3,2025-06-23,CASH,PLACED
10973,12,2,2025-08-10,UPI,DELIVERED
10974,6,4,2025-08-09,NETBANKING,DELIVERED
10975,108,5,2025-12-07,CARD,RETURNED
10976,26,10,2025-08-27,NETBANKING,DELIVERED
10977,74,5,2025-07-03,CASH,PLACED
10978,4,3,2025-11-19,CARD,PLACED
10979,111,8,2025-11-21,CASH,PLACED
10980,72,4,2025-07-31,UPI,DELIVERED
10981,43,6,2025-11-18,CASH,DELIVERED
10982,15,1,2025-06-05,UPI,DELIVERED
10983,62,2,2025-08-20,UPI,DELIVERED
10984,8,6,2025-10-09,CARD,DELIVERED
10985,6,4,2025-08-09,CARD,CANCELLED
10986,38,5,2025-11-23,UPI,DELIVERED
10987,1,6,2025-07-26,CARD,DELIVERED
10988,33,4,2025-10-29,CASH,DELIVERED
10989,11,7,2025-09-02,CARD,DELIVERED
10990,14,7,2025-10-06,CASH,DELIVERED
10991,108,9,2025-10-31,UPI,DELIVERED
10992,116,1,2025-12-30,UPI,PLACED
10993,43,6,2025-12-30,UPI,DELIVERED
10994,112,5,2025-07-19,UPI,DELIVERED
10995,93,7,2025-08-22,CASH,DELIVERED
10996,49,8,2025-08-05,UPI,DELIVERED
10997,117,7,2025-08-18,UPI,DELIVERED
10998,43,4,2025-08-01,CASH,DELIVERED
10999,3,5,2025-10-02,NETBANKING,DELIVERED
11000,97,9,2025-08-28,NETBANKING,DELIVERED
11001,13,4,2025-08-09,UPI,RETURNED
11002,7,5,2025-09-14,UPI,DELIVERED
11003,54,8,2025-07-03,CARD,DELIVERED
11004,34,6,2025-08-08,NETBANKING,CANCELLED
11005,71,10,2025-10-27,CARD,DELIVERED
11006,112,8,2025-12-09,CARD,DELIVERED
11007,48,6,2025-11-07,UPI,DELIVERED
11008,117,9,2025-11-24,CARD,DELIVERED
11009,104,10,2025-09-17,UPI,DELIVERED
11010,116,1,2025-07-03,UPI,PLACED
11011,15,8,2025-09-02,UPI,DELIVERED
11012,80,6,2025-12-20,CARD,CANCELLED
11013,37,8,2025-11-25,UPI,RETURNED
11014,55,7,2025-11-28,UPI,DELIVERED
11015,25,4,2025-09-28,CASH,DELIVERED
11016,78,5,2025-06-28,UPI,DELIVERED
11017,71,7,2025-10-30,CASH,DELIVERED
11018,41,9,2025-10-17,CARD,PLACED
11019,18,6,2025-09-29,CARD,PLACED
11020,46,6,2025-09-28,CASH,RETURNED
11021,20,6,2025-08-21,CARD,DELIVERED
11022,90,6,2025-09-13,CARD,DELIVERED
11023,56,5,2025-08-25,UPI,PLACED
11024,99,3,2025-11-14,CASH,DELIVERED
11025,75,2,2025-06-09,CASH,CANCELLED
11026,94,1,2025-06-11,UPI,DELIVERED
11027,31,6,2025-10-10,UPI,DELIVERED
11028,73,7,2025-07-28,UPI,DELIVERED
11029,87,4,2025-07-01,,DELIVERED
11030,83,1,2025-07-26,CARD,PLACED
11031,26,9,2025-08-06,UPI,DELIVERED
11032,50,6,2025-10-07,CASH,PLACED
11033,112,8,2025-07-20,NETBANKING,PLACED
11034,84,10,2025-11-13,UPI,DELIVERED
11035,49,10,2025-09-11,UPI,DELIVERED
11036,118,1,2025-09-09,NETBANKING,PLACED
11037,65,2,2025-12-31,UPI,CANCELLED
11038,37,9,2025-11-09,CARD,DELIVERED
11039,47,1,2025-08-27,CARD,DELIVERED
11040,107,1,2025-06-06,CASH,DELIVERED
11041,96,4,2025-06-20,CASH,DELIVERED
11042,6,8,2025-09-13,UPI,DELIVERED
11043,48,2,2025-06-03,CARD,DELIVERED
11044,1,1,2025-06-27,CASH,DELIVERED
11045,88,5,2025-06-06,CARD,DELIVERED
11046,58,8,2025-11-30,NETBANKING,CANCELLED
11047,58,5,2025-10-18,UPI,DELIVERED
11048,60,3,2025-08-01,UPI,DELIVERED
11049,41,8,2025-07-18,UPI,DELIVERED
11050,10,1,2025-07-09,UPI,DELIVERED
11051,4,10,2025-09-06,CASH,DELIVERED
11052,59,1,2025-11-22,NETBANKING,DELIVERED
11053,112,8,2025-06-21,CARD,DELIVERED
11054,39,9,2025-10-10,CASH,DELIVERED
11055,101,8,2025-12-02,CARD,DELIVERED
11056,8,8,2025-08-08,UPI,DELIVERED
11057,5,9,2025-08-01,UPI,DELIVERED
11058,54,2,2025-06-07,CASH,DELIVERED
11059,42,7,2025-10-30,UPI,DELIVERED
11060,68,4,2025-12-25,UPI,CANCELLED
11061,111,8,2025-11-24,UPI,DELIVERED
11062,51,3,2025-09-02,CARD,DELIVERED
11063,23,6,2025-11-12,UPI,DELIVERED
11064,119,9,2025-10-14,UPI,DELIVERED
11065,35,7,2025-07-18,CASH,DELIVERED
11066,7,10,2025-09-18,CASH,DELIVERED
11067,2,10,2025-10-13,CARD,DELIVERED
11068,79,3,2025-10-18,CARD,DELIVERED
11069,68,9,2025-10-05,CASH,CANCELLED
11070,117,8,2025-08-09,UPI,PLACED
11071,23,8,2025-09-21,CASH,DELIVERED
11072,76,5,2026-01-03,UPI,DELIVERED
11073,25,5,2025-11-05,UPI,PLACED
11074,22,9,2025-08-14,CARD,PLACED
11075,94,5,2025-08-01,UPI,DELIVERED
11076,115,4,2025-06-30,CARD,DELIVERED
11077,24,5,2025-07-22,UPI,DELIVERED
11078,74,4,2025-11-18,UPI,DELIVERED
11079,111,4,2025-09-22,CASH,PLACED
11080,66,8,2025-11-28,UPI,PLACED
11081,8,8,2025-11-30,CASH,DELIVERED
11082,33,2,2025-08-29,UPI,DELIVERED
11083,52,2,2025-09-29,CARD,DELIVERED
11084,40,1,2025-12-20,CARD,CANCELLED
11085,3,1,2025-06-23,CASH,DELIVERED
11086,15,7,2025-06-17,CARD,DELIVERED
11087,107,1,2025-12-26,CARD,PLACED
11088,118,9,2025-12-26,UPI,DELIVERED
11089,9,10,2025-08-16,CARD,CANCELLED
11090,57,3,2025-12-13,UPI,CANCELLED
11091,10,8,2025-07-21,UPI,DELIVERED
11092,84,7,2025-06-27,CARD,DELIVERED
11093,65,8,2025-12-07,UPI,PLACED
11094,84,2,2025-11-13,UPI,DELIVERED
11095,19,4,2026-01-04,CARD,DELIVERED
11096,16,10,2026-01-01,CARD,DELIVERED
11097,75,2,2025-10-15,CARD,DELIVERED
11098,11,3,2025-12-11,CARD,DELIVERED
11099,69,3,2025-11-07,CARD,PLACED
11100,90,6,2025-07-12,CARD,DELIVERED
11101,103,7,2025-07-17,UPI,DELIVERED
11102,71,2,2025-11-06,CASH,DELIVERED
11103,9,4,2025-06-05,CARD,DELIVERED
11104,8,2,2025-09-08,CASH,DELIVERED
11105,15,1,2025-12-02,UPI,DELIVERED
11106,90,3,2025-11-24,UPI,PLACED
11107,97,10,2025-08-31,CARD,DELIVERED
11108,37,3,2025-09-09,CARD,DELIVERED
11109,5,6,2025-12-03,NETBANKING,PLACED
11110,77,8,2025-11-25,NETBANKING,DELIVERED
11111,62,10,2026-01-05,UPI,DELIVERED
11112,20,3,2025-10-16,CARD,DELIVERED
11113,86,5,2025-06-27,UPI,DELIVERED
11114,45,7,2025-06-30,CARD,DELIVERED
11115,113,10,2025-09-15,CARD,RETURNED
11116,100,4,2025-11-28,CARD,CANCELLED
11117,86,3,2025-10-26,CARD,DELIVERED
11118,52,7,2025-08-08,UPI,DELIVERED
11119,21,6,2025-09-01,UPI,DELIVERED
11120,106,9,2025-11-17,UPI,DELIVERED
11121,70,2,2025-12-25,UPI,DELIVERED
11122,110,3,2025-09-01,UPI,DELIVERED
11123,98,6,2025-06-16,UPI,CANCELLED
11124,45,2,2025-09-19,CASH,PLACED
11125,62,9,2025-06-25,UPI,DELIVERED
11126,6,5,2025-06-30,UPI,DELIVERED
11127,6,2,2025-06-02,CARD,DELIVERED
11128,48,3,2025-12-04,UPI,DELIVERED
11129,95,2,2025-06-20,CASH,DELIVERED
11130,1,8,2025-09-14,UPI,DELIVERED
11131,11,5,2025-07-17,UPI,PLACED
11132,87,5,2025-09-05,CARD,PLACED
11133,5,1,2025-08-22,UPI,DELIVERED
11134,31,5,2025-12-13,UPI,DELIVERED
11135,119,4,2025-11-08,UPI,PLACED
11136,98,6,2025-08-28,UPI,DELIVERED
11137,47,10,2025-06-01,CARD,DELIVERED
11138,59,5,2025-12-02,CARD,DELIVERED
11139,8,4,2025-12-25,UPI,DELIVERED
11140,90,5,2025-06-25,CASH,DELIVERED
11141,50,8,2025-09-07,CARD,PLACED
11142,33,8,2025-10-05,CARD,DELIVERED
11143,86,3,2025-12-20,UPI,DELIVERED
11144,120,7,2026-01-02,UPI,DELIVERED
11145,18,7,2025-07-05,UPI,DELIVERED
11146,33,3,2025-06-21,UPI,PLACED
11147,67,7,2025-07-26,UPI,PLACED
11148,55,2,2025-07-23,UPI,DELIVERED
11149,12,10,2025-08-07,UPI,DELIVERED
11150,56,3,2025-09-17,CARD,DELIVERED
11151,99,2,2025-06-14,UPI,DELIVERED
11152,80,6,2025-08-30,CASH,DELIVERED
11153,50,5,2025-07-03,UPI,DELIVERED
11154,119,6,2025-06-16,CARD,DELIVERED
11155,96,9,2025-12-11,CASH,DELIVERED
11156,86,3,2025-11-08,UPI,DELIVERED
11157,18,8,2025-10-08,UPI,PLACED
11158,120,5,2026-01-01,CARD,DELIVERED
11159,17,7,2025-08-01,UPI,DELIVERED
11160,112,6,2025-10-08,NETBANKING,CANCELLED
11161,38,8,2025-12-31,CARD,DELIVERED
11162,21,7,2025-10-21,UPI,DELIVERED
11163,64,9,2025-06-09,CASH,DELIVERED
11164,75,7,2025-09-01,CARD,DELIVERED
11165,49,7,2025-06-20,CARD,DELIVERED
11166,75,8,2025-10-10,UPI,DELIVERED
11167,71,4,2025-08-13,UPI,DELIVERED
11168,2,2,2025-08-30,UPI,DELIVERED
11169,111,3,2025-10-30,UPI,DELIVERED
11170,50,4,2025-11-19,UPI,DELIVERED
11171,84,10,2025-08-05,UPI,DELIVERED
11172,89,8,2025-07-18,CARD,DELIVERED
11173,87,7,2025-06-24,UPI,PLACED
11174,88,4,2025-12-01,CARD,DELIVERED
11175,110,7,2026-01-06,UPI,DELIVERED
11176,53,1,2025-09-18,UPI,DELIVERED
11177,6,7,2025-09-29,CASH,DELIVERED
11178,39,5,2025-09-15,CARD,DELIVERED
11179,16,4,2025-07-30,CASH,DELIVERED
11180,96,3,2025-12-28,CASH,DELIVERED
11181,84,1,2025-11-03,UPI,DELIVERED
11182,4,7,2025-10-17,UPI,DELIVERED
11183,13,8,2025-11-07,CASH,PLACED
11184,112,6,2025-12-02,UPI,DELIVERED
11185,77,5,2025-08-24,NETBANKING,DELIVERED
11186,5,5,2025-06-04,CARD,RETURNED
11187,108,7,2025-11-28,UPI,DELIVERED
11188,49,9,2025-09-13,CASH,PLACED
11189,44,4,2025-07-10,UPI,DELIVERED
11190,85,7,2025-08-30,UPI,DELIVERED
11191,18,5,2025-07-25,CARD,DELIVERED
11192,72,3,2025-09-05,UPI,PLACED
11193,90,5,2025-11-29,CARD,PLACED
11194,82,1,2025-09-27,UPI,DELIVERED
11195,44,5,2025-12-23,UPI,DELIVERED
11196,113,9,2025-10-14,UPI,DELIVERED
11197,18,7,2025-06-27,CARD,DELIVERED
11198,83,5,2025-07-30,NETBANKING,DELIVERED
11199,106,8,2025-07-17,CARD,PLACED
11200,43,6,2025-12-07,CARD,DELIVERED
11201,27,3,2026-01-03,CASH,PLACED
11202,43,9,2026-01-06,NETBANKING,DELIVERED
11203,23,3,2025-07-19,CARD,DELIVERED
11204,13,7,2025-06-18,CARD,DELIVERED
11205,52,9,2025-11-05,CASH,DELIVERED
11206,69,1,2025-11-05,NETBANKING,PLACED
11207,82,5,2025-10-28,UPI,DELIVERED
11208,50,10,2025-08-15,CASH,DELIVERED
11209,2,5,2025-07-26,UPI,DELIVERED
11210,64,7,2025-07-18,CARD,CANCELLED
11211,8,9,2025-12-16,CARD,DELIVERED
11212,54,10,2025-08-09,CARD,DELIVERED
11213,62,4,2025-08-13,,DELIVERED
11214,27,5,2025-09-29,NETBANKING,DELIVERED
11215,35,10,2025-06-11,CASH,CANCELLED
11216,65,10,2025-08-17,UPI,DELIVERED
11217,52,5,2025-07-25,CASH,PLACED
11218,43,5,2025-08-05,UPI,PLACED
11219,83,10,2025-11-11,NETBANKING,DELIVERED
11220,50,4,2025-10-12,UPI,DELIVERED
11221,91,6,2025-10-11,CASH,PLACED
11222,91,10,2025-10-18,CARD,PLACED
11223,105,8,2025-08-02,CASH,DELIVERED
11224,63,6,2025-07-21,NETBANKING,DELIVERED
11225,118,5,2025-07-19,CASH,DELIVERED
11226,65,5,2025-06-19,NETBANKING,DELIVERED
11227,56,6,2025-10-16,UPI,DELIVERED
11228,65,4,2025-10-11,CARD,DELIVERED
11229,87,5,2025-06-28,CARD,DELIVERED
11230,26,7,2025-12-07,UPI,DELIVERED
11231,51,5,2025-11-24,CARD,DELIVERED
11232,12,2,2025-11-01,UPI,PLACED
11233,52,10,2025-10-09,CARD,DELIVERED
11234,65,2,2025-09-12,UPI,DELIVERED
11235,107,7,2025-07-12,CASH,DELIVERED
11236,61,10,2025-06-17,CARD,CANCELLED
11237,80,1,2025-07-30,,DELIVERED
11238,33,6,2025-08-05,UPI,PLACED
11239,103,1,2025-07-15,NETBANKING,PLACED
11240,22,4,2025-09-07,UPI,DELIVERED
11241,86,8,2025-09-26,CASH,RETURNED
11242,27,10,2025-07-01,CASH,DELIVERED
11243,119,5,2025-12-15,CASH,DELIVERED
11244,87,10,2025-07-17,CARD,DELIVERED
11245,17,1,2025-07-09,UPI,DELIVERED
11246,24,1,2026-01-05,UPI,DELIVERED
11247,117,4,2025-08-15,NETBANKING,DELIVERED
11248,32,2,2025-08-07,UPI,CANCELLED
11249,11,9,2025-12-04,NETBANKING,DELIVERED
11250,120,1,2025-11-09,CASH,DELIVERED
11251,69,2,2025-12-04,NETBANKING,DELIVERED
11252,79,10,2025-08-03,UPI,DELIVERED
11253,100,1,2025-10-01,UPI,DELIVERED
11254,83,2,2026-01-03,CARD,DELIVERED
11255,54,9,2025-11-28,NETBANKING,DELIVERED
11256,6,7,2025-09-22,NETBANKING,DELIVERED
11257,105,5,2025-10-21,UPI,PLACED
11258,61,3,2025-11-28,UPI,PLACED
11259,36,1,2025-11-25,UPI,DELIVERED
11260,72,8,2025-12-27,UPI,PLACED
11261,33,7,2025-07-03,CARD,RETURNED
11262,62,1,2025-12-11,UPI,DELIVERED
11263,119,8,2025-11-12,CASH,DELIVERED
11264,58,3,2025-08-03,CASH,DELIVERED
11265,55,9,2025-11-24,CARD,DELIVERED
11266,80,2,2025-10-31,NETBANKING,PLACED
11267,80,7,2025-11-01,CASH,DELIVERED
11268,64,9,2025-06-21,CARD,DELIVERED
11269,62,9,2025-06-22,UPI,DELIVERED
11270,43,3,2025-12-31,CASH,PLACED
11271,54,9,2025-09-26,CARD,DELIVERED
11272,90,9,2025-09-27,CARD,RETURNED
11273,7,4,2025-06-15,CASH,DELIVERED
11274,111,8,2025-06-27,CARD,DELIVERED
11275,44,6,2025-12-23,UPI,DELIVERED
11276,24,3,2025-09-26,CASH,DELIVERED
11277,108,9,2025-09-01,CASH,DELIVERED
11278,22,4,2025-07-24,CARD,DELIVERED
11279,105,3,2025-10-07,UPI,DELIVERED
11280,36,7,2025-06-12,UPI,PLACED
11281,103,1,2025-11-25,UPI,DELIVERED
11282,74,9,2025-08-05,NETBANKING,CANCELLED
11283,110,3,2025-09-10,NETBANKING,DELIVERED
11284,46,1,2025-10-15,NETBANKING,DELIVERED
11285,87,9,2025-11-17,UPI,DELIVERED
11286,15,8,2025-09-23,CARD,CANCELLED
11287,73,10,2025-09-08,CARD,CANCELLED
11288,104,9,2025-08-29,CASH,DELIVERED
11289,17,2,2025-08-14,UPI,DELIVERED
11290,61,6,2025-08-28,NETBANKING,DELIVERED
11291,64,9,2025-09-05,UPI,DELIVERED
11292,119,5,2025-12-15,CARD,DELIVERED
11293,73,4,2025-12-20,UPI,PLACED
11294,93,9,2025-06-05,UPI,CANCELLED
11295,54,2,2025-12-10,CARD,DELIVERED
11296,47,6,2025-12-28,CARD,DELIVERED
11297,40,8,2025-09-23,UPI,DELIVERED
11298,77,8,2025-06-25,CARD,DELIVERED
11299,17,1,2025-09-24,UPI,DELIVERED
11300,46,2,2025-09-11,CASH,DELIVERED
11301,10,6,2025-10-07,CASH,RETURNED
11302,11,7,2025-08-04,NETBANKING,DELIVERED
11303,80,7,2025-08-01,NETBANKING,RETURNED
11304,26,1,2025-06-26,UPI,DELIVERED
11305,38,6,2025-08-13,UPI,DELIVERED
11306,99,5,2025-09-21,CARD,CANCELLED
11307,14,5,2025-07-08,UPI,PLACED
11308,6,4,2025-06-27,CARD,DELIVERED
11309,44,10,2025-11-20,CARD,PLACED
11310,47,3,2025-08-03,NETBANKING,DELIVERED
11311,30,1,2025-07-22,CASH,DELIVERED
11312,12,1,2025-08-03,CARD,DELIVERED
11313,20,9,2025-06-10,UPI,DELIVERED
11314,89,10,2025-10-26,CASH,DELIVERED
11315,51,4,2025-07-08,UPI,DELIVERED
11316,108,10,2025-06-17,UPI,DELIVERED
11317,39,3,2025-12-05,CARD,DELIVERED
11318,21,9,2025-06-22,CARD,DELIVERED
11319,35,7,2025-09-03,UPI,DELIVERED
11320,94,9,2025-07-26,UPI,DELIVERED
11321,92,1,2025-08-09,CARD,DELIVERED
11322,50,5,2025-11-03,UPI,DELIVERED
11323,92,5,2025-12-01,UPI,DELIVERED
11324,64,8,2025-10-12,CARD,DELIVERED
11325,24,10,2025-06-14,CARD,DELIVERED
11326,82,6,2025-10-10,UPI,PLACED
11327,89,8,2025-10-26,CARD,DELIVERED
11328,43,9,2025-06-10,UPI,DELIVERED
11329,15,7,2025-10-17,UPI,DELIVERED
11330,73,7,2025-07-14,UPI,RETURNED
11331,105,10,2025-11-01,UPI,PLACED
11332,39,4,2025-12-17,UPI,DELIVERED
11333,14,4,2025-12-06,UPI,DELIVERED
11334,67,1,2025-06-03,NETBANKING,DELIVERED
11335,8,7,2025-09-01,CARD,DELIVERED
11336,83,5,2025-11-15,CARD,PLACED
11337,116,3,2025-12-05,UPI,DELIVERED
11338,4,1,2025-06-13,CASH,CANCELLED
11339,45,4,2025-10-23,CARD,RETURNED
11340,66,6,2025-07-01,CARD,DELIVERED
11341,53,4,2025-08-30,UPI,DELIVERED
11342,114,2,2025-11-26,CARD,DELIVERED
11343,40,10,2025-10-15,CASH,DELIVERED
11344,120,10,2025-06-19,UPI,DELIVERED
11345,39,1,2025-09-07,UPI,PLACED
11346,73,4,2025-12-26,NETBANKING,RETURNED
11347,6,8,2026-01-02,NETBANKING,DELIVERED
11348,116,5,2025-10-30,CARD,PLACED
11349,68,7,2025-06-04,CARD,PLACED
11350,50,8,2025-11-23,CASH,PLACED
11351,111,9,2025-12-31,UPI,DELIVERED
11352,51,4,2025-12-04,NETBANKING,PLACED
11353,109,6,2025-11-25,CASH,DELIVERED
11354,116,6,2025-09-01,UPI,DELIVERED
11355,40,1,2025-09-23,UPI,DELIVERED
11356,69,1,2025-10-24,UPI,DELIVERED
11357,5,2,2025-11-25,UPI,PLACED
11358,116,5,2025-06-21,UPI,DELIVERED
11359,61,4,2025-10-04,CARD,PLACED
11360,24,8,2025-07-12,CASH,DELIVERED
11361,120,8,2025-07-16,UPI,CANCELLED
11362,51,2,2025-10-12,UPI,PLACED
11363,17,5,2025-07-22,UPI,DELIVERED
11364,1,8,2025-10-26,CARD,DELIVERED
11365,65,6,2025-07-05,CARD,CANCELLED
11366,22,7,2025-07-18,UPI,DELIVERED
11367,25,1,2025-09-12,CARD,DELIVERED
11368,115,5,2025-07-21,UPI,CANCELLED
11369,92,8,2025-09-08,CARD,PLACED
11370,21,2,2025-06-29,CASH,RETURNED
11371,27,6,2025-08-18,,DELIVERED
11372,83,2,2025-06-11,UPI,DELIVERED
11373,71,4,2025-08-08,NETBANKING,DELIVERED
11374,36,5,2025-12-17,CASH,DELIVERED
11375,120,5,2025-07-12,UPI,DELIVERED
11376,68,1,2025-07-27,UPI,DELIVERED
11377,8,8,2025-10-04,UPI,DELIVERED
11378,86,5,2025-10-07,NETBANKING,DELIVERED
11379,9,10,2025-11-01,CARD,PLACED
11380,22,2,2025-08-06,NETBANKING,DELIVERED
11381,19,6,2025-12-27,UPI,DELIVERED
11382,70,2,2025-09-01,CASH,DELIVERED
11383,46,7,2025-08-21,CASH,DELIVERED
11384,84,2,2025-11-02,NETBANKING,DELIVERED
11385,118,1,2025-06-26,UPI,DELIVERED
11386,89,4,2025-11-02,UPI,DELIVERED
11387,114,1,2025-12-28,UPI,DELIVERED
11388,41,9,2025-09-12,CARD,DELIVERED
11389,77,5,2025-12-12,UPI,DELIVERED
11390,17,10,2025-09-16,NETBANKING,DELIVERED
11391,80,9,2025-10-07,CARD,PLACED
11392,77,3,2025-07-25,UPI,DELIVERED
11393,99,1,2025-09-15,UPI,CANCELLED
11394,8,7,2025-07-21,CARD,DELIVERED
11395,117,8,2025-07-31,UPI,PLACED
11396,74,9,2025-06-17,UPI,PLACED
11397,31,2,2025-10-04,UPI,DELIVERED
11398,15,6,2025-07-25,UPI,DELIVERED
11399,44,7,2025-10-07,CARD,DELIVERED
11400,6,8,2025-08-28,UPI,DELIVERED
11401,7,6,2025-08-22,CASH,DELIVERED
11402,92,9,2025-10-23,CARD,PLACED
11403,114,2,2025-09-17,UPI,RETURNED
11404,23,1,2025-10-07,UPI,DELIVERED
11405,10,8,2025-08-02,CASH,CANCELLED
11406,78,2,2025-10-13,UPI,CANCELLED
11407,48,1,2025-07-19,CARD,PLACED
11408,41,1,2025-12-08,CASH,DELIVERED
11409,80,1,2025-07-01,UPI,DELIVERED
11410,90,4,2025-06-20,CASH,RETURNED
11411,6,2,2025-09-10,CARD,DELIVERED
11412,37,9,2025-06-08,CASH,DELIVERED
11413,119,2,2025-07-25,UPI,DELIVERED
11414,56,9,2025-07-13,NETBANKING,CANCELLED
11415,26,6,2025-07-30,UPI,PLACED
11416,24,6,2026-01-06,CASH,RETURNED
11417,79,9,2025-08-19,UPI,DELIVERED
11418,70,5,2025-08-15,CARD,DELIVERED
11419,11,5,2025-09-04,NETBANKING,PLACED
11420,78,3,2025-07-09,NETBANKING,DELIVERED
11421,88,1,2025-06-26,CASH,PLACED
11422,98,1,2025-11-11,UPI,DELIVERED
11423,108,5,2025-06-23,CARD,DELIVERED
11424,98,5,2025-06-18,CARD,DELIVERED
11425,57,3,2025-10-10,UPI,DELIVERED
11426,72,3,2025-06-26,CASH,DELIVERED
11427,58,6,2025-08-10,CARD,DELIVERED
11428,87,8,2025-10-13,UPI,DELIVERED
11429,5,7,2025-08-10,CASH,PLACED
11430,69,1,2025-11-30,CARD,CANCELLED
11431,85,7,2025-08-16,CARD,DELIVERED
11432,114,7,2025-12-06,CARD,CANCELLED
11433,98,1,2025-07-19,UPI,DELIVERED
11434,39,5,2025-09-02,CASH,DELIVERED
11435,51,8,2025-09-21,UPI,PLACED
11436,65,1,2026-01-01,UPI,DELIVERED
11437,112,1,2025-08-25,CARD,DELIVERED
11438,86,8,2025-11-30,CASH,DELIVERED
11439,89,7,2025-12-07,UPI,DELIVERED
11440,30,3,2025-12-20,CARD,DELIVERED
11441,2,3,2025-12-20,CASH,DELIVERED
11442,99,8,2025-08-07,UPI,DELIVERED
11443,112,5,2025-08-21,CASH,DELIVERED
11444,102,5,2025-12-31,CARD,PLACED
11445,72,5,2025-07-02,CARD,PLACED
11446,91,9,2025-07-28,CARD,DELIVERED
11447,82,8,2025-08-01,CASH,CANCELLED
11448,97,8,2025-11-28,CARD,DELIVERED
11449,27,8,2025-09-23,CASH,DELIVERED
11450,38,7,2025-12-04,UPI,DELIVERED
11451,88,9,2025-06-26,CARD,CANCELLED
11452,11,8,2025-10-20,CARD,DELIVERED
11453,58,8,2025-06-10,CARD,DELIVERED
11454,113,2,2025-06-17,CARD,DELIVERED
11455,64,3,2025-09-20,UPI,DELIVERED
11456,36,7,2025-12-19,CASH,PLACED
11457,38,6,2025-12-29,UPI,DELIVERED
11458,116,7,2025-08-17,CARD,PLACED
11459,88,6,2025-07-04,UPI,DELIVERED
11460,29,1,2025-10-24,CASH,DELIVERED
11461,1,5,2025-06-11,UPI,DELIVERED
11462,67,4,2025-06-22,CASH,PLACED
11463,86,7,2025-10-07,CARD,RETURNED
11464,96,6,2025-10-15,UPI,DELIVERED
11465,18,3,2025-07-06,CASH,DELIVERED
11466,101,3,2025-07-04,UPI,DELIVERED
11467,60,8,2025-11-30,CARD,DELIVERED
11468,89,7,2025-08-30,CARD,DELIVERED
11469,66,10,2025-09-14,UPI,DELIVERED
11470,11,3,2025-09-13,CARD,DELIVERED
11471,50,3,2025-09-10,NETBANKING,CANCELLED
11472,11,4,2025-12-28,UPI,PLACED
11473,88,4,2025-10-25,UPI,DELIVERED
11474,72,3,2025-06-20,CARD,DELIVERED
11475,13,5,2025-07-14,UPI,DELIVERED
11476,52,5,2025-11-12,UPI,PLACED
11477,75,5,2025-08-28,CASH,DELIVERED
11478,37,6,2025-09-04,CARD,DELIVERED
11479,114,3,2025-07-26,CASH,CANCELLED
11480,36,8,2025-08-04,CARD,DELIVERED
11481,47,3,2025-09-10,CASH,DELIVERED
11482,9,1,2025-06-16,CARD,DELIVERED
11483,38,1,2025-09-07,CARD,PLACED
11484,83,10,2025-10-12,CARD,DELIVERED
11485,72,8,2025-11-16,CASH,PLACED
11486,17,2,2025-07-11,UPI,CANCELLED
11487,42,8,2025-09-18,UPI,DELIVERED
11488,44,1,2025-06-30,CARD,DELIVERED
11489,34,4,2025-10-17,UPI,DELIVERED
11490,36,10,2025-09-02,CARD,DELIVERED
11491,40,7,2025-11-12,UPI,DELIVERED
11492,38,5,2025-09-03,UPI,CANCELLED
11493,99,3,2025-09-18,UPI,CANCELLED
11494,83,1,2025-11-06,CASH,DELIVERED
11495,77,10,2025-08-14,CARD,RETURNED
11496,99,3,2025-06-04,UPI,DELIVERED
11497,23,6,2025-11-21,UPI,DELIVERED
11498,73,4,2025-11-27,CARD,PLACED
11499,66,9,2025-07-16,UPI,CANCELLED
11500,95,6,2025-11-02,UPI,DELIVERED
