order_id,product_id,quantity
10001,8,1.0
10002,18,3.0
10002,40,1.0
10002,3,3.0
10003,10,1.0
10003,2,3.0
10003,56,3.0
10003,24,2.0
10004,31,3.0
10005,48,2.0
10005,44,3.0
10005,56,1.0
10006,14,3.0
10006,54,1.0
10007,37,1.0
10007,54,3.0
10008,57,2.0
10008,27,2.0
10009,2,2.0
10009,26,3.0
10009,5,1.0
10010,25,3.0
10011,5,3.0
10012,4,1.0
10012,50,2.0
10012,25,1.0
10013,39,3.0
10013,50,1.0
10013,40,1.0
10013,37,2.0
10014,32,1.0
10014,34,3.0
10014,21,3.0
10015,49,3.0
10015,25,1.0
10016,26,2.0
10016,20,3.0
10016,57,1.0
10017,4,1.0
10017,31,1.0
10017,28,1.0
10018,49,3.0
10019,60,3.0
10019,25,3.0
10019,58,2.0
10020,3,3.0
10020,17,3.0
10020,25,2.0
10020,33,2.0
10021,18,2.0
10021,7,3.0
10022,18,3.0
10022,30,1.0
10022,58,1.0
10023,44,1.0
10023,7,2.0
10023,21,2.0
10023,52,3.0
10024,46,1.0
10024,52,3.0
10024,45,2.0
10025,24,3.0
10026,28,1.0
10027,28,3.0
10027,23,1.0
10027,3,1.0
10028,22,2.0
10028,44,2.0
10028,34,2.0
10028,1,2.0
10029,35,2.0
10029,34,1.0
10029,46,1.0
10030,14,1.0
10031,15,2.0
10031,7,2.0
10031,59,2.0
10032,43,3.0
10033,14,1.0
10033,32,1.0
10034,26,3.0
10035,10,2.0
10035,35,2.0
10035,4,3.0
10036,42,
10036,60,3.0
10036,38,2.0
10036,44,2.0
10037,44,1.0
10038,42,2.0
10038,39,1.0
10039,47,3.0
10040,50,3.0
10041,10,3.0
10041,6,3.0
10041,22,1.0
10041,60,2.0
10042,36,2.0
10042,58,2.0
10042,20,1.0
10042,26,1.0
10043,11,2.0
10044,2,2.0
10044,14,1.0
10045,51,3.0
10045,42,3.0
10045,39,1.0
10045,4,3.0
10046,12,3.0
10047,24,2.0
10048,22,3.0
10049,9,1.0
10049,1,1.0
10049,43,2.0
10050,14,2.0
10050,44,3.0
10050,5,3.0
10050,10,3.0
10051,4,1.0
10051,45,2.0
10052,4,2.0
10052,44,3.0
10052,35,1.0
10052,12,2.0
10053,31,2.0
10053,48,1.0
10053,45,2.0
10053,34,1.0
10054,27,1.0
10054,22,3.0
10054,45,3.0
10055,39,2.0
10055,34,3.0
10055,49,1.0
10056,5,2.0
10056,56,2.0
10057,12,3.0
10058,16,1.0
10058,14,2.0
10059,28,2.0
10059,35,1.0
10059,36,3.0
10059,9,1.0
10060,6,1.0
10060,42,1.0
10061,43,3.0
10061,35,3.0
10061,4,1.0
10062,6,2.0
10062,1,1.0
10063,21,2.0
10064,45,2.0
10064,38,1.0
10065,60,2.0
10065,33,1.0
10065,34,2.0
10065,42,2.0
10066,43,2.0
10067,60,3.0
10068,30,1.0
10068,5,3.0
10069,30,1.0
10070,15,3.0
10071,8,3.0
10071,55,3.0
10071,39,2.0
10072,15,3.0
10072,40,3.0
10072,53,1.0
10073,38,2.0
10073,35,3.0
10074,38,3.0
10074,5,3.0
10074,58,2.0
10074,19,1.0
10075,37,1.0
10075,38,3.0
10075,7,2.0
10076,50,2.0
10076,41,2.0
10077,8,3.0
10077,59,3.0
10077,45,3.0
10077,41,1.0
10078,14,1.0
10078,8,3.0
10079,26,3.0
10080,32,1.0
10080,6,3.0
10081,4,2.0
10081,53,1.0
10081,18,2.0
10082,36,3.0
10082,56,1.0
10083,13,3.0
10083,22,2.0
10084,44,2.0
10084,8,2.0
10085,18,3.0
10085,22,3.0
10085,43,3.0
10085,2,1.0
10086,59,3.0
10086,12,2.0
10086,38,1.0
10086,49,3.0
10087,31,2.0
10087,27,1.0
10088,11,1.0
10088,56,3.0
10088,5,2.0
10088,39,3.0
10089,10,1.0
10089,29,3.0
10089,18,1.0
10090,28,3.0
10091,41,2.0
10091,43,3.0
10091,42,2.0
10092,11,3.0
10093,16,1.0
10094,48,1.0
10094,53,1.0
10094,2,2.0
10094,15,2.0
10095,41,1.0
10095,32,1.0
10095,51,2.0
10096,42,2.0
10096,8,1.0
10096,3,2.0
10096,24,1.0
10097,49,1.0
10097,7,2.0
10097,13,1.0
10098,13,2.0
10098,28,3.0
10099,30,2.0
10099,52,1.0
10099,44,1.0
10099,1,2.0
10100,29,2.0
10100,4,1.0
10101,6,2.0
10101,20,3.0
10101,7,1.0
10102,43,2.0
10102,60,2.0
10102,14,3.0
10102,54,2.0
10103,39,3.0
10103,49,2.0
10103,12,2.0
10104,32,1.0
10104,13,3.0
10105,30,3.0
10105,34,3.0
10105,45,1.0
10105,42,1.0
10106,58,3.0
10106,35,3.0
10106,32,3.0
10106,47,1.0
10107,5,3.0
10108,51,2.0
10108,10,3.0
10109,9,3.0
10109,5,1.0
10109,37,2.0
10110,49,1.0
10110,22,1.0
10110,29,
10110,56,3.0
10111,52,3.0
10112,53,1.0
10112,38,3.0
10112,39,1.0
10112,42,1.0
10113,46,2.0
10113,12,2.0
10114,60,3.0
10114,40,3.0
10114,24,2.0
10114,43,3.0
10115,21,1.0
10115,11,1.0
10116,1,2.0
10117,5,1.0
10117,24,1.0
10118,48,2.0
10119,4,2.0
10119,7,2.0
10119,38,1.0
10119,56,1.0
10120,24,3.0
10120,5,1.0
10121,5,2.0
10121,44,3.0
10122,22,1.0
10122,6,1.0
10123,19,1.0
10123,31,2.0
10123,52,2.0
10123,45,1.0
10124,12,3.0
10124,7,2.0
10124,38,1.0
10124,19,1.0
10125,27,1.0
10126,46,1.0
10126,15,3.0
10126,22,3.0
10126,55,1.0
10127,24,1.0
10127,58,1.0
10127,30,3.0
10128,29,2.0
10129,29,3.0
10130,32,1.0
10130,28,1.0
10130,55,1.0
10130,10,3.0
10131,20,3.0
10131,8,1.0
10132,33,1.0
10132,27,2.0
10133,24,1.0
10133,26,1.0
10134,6,2.0
10135,3,1.0
10135,14,3.0
10136,37,2.0
10136,50,2.0
10137,9,1.0
10138,5,2.0
10138,11,1.0
10138,32,2.0
10138,35,2.0
10139,15,3.0
10139,45,1.0
10139,3,2.0
10140,4,3.0
10141,29,1.0
10141,23,2.0
10142,29,1.0
10142,30,2.0
10142,21,2.0
10142,55,2.0
10143,52,1.0
10143,51,2.0
10143,46,1.0
10143,17,2.0
10144,18,1.0
10144,5,1.0
10144,48,1.0
10145,45,1.0
10145,44,3.0
10145,13,1.0
10145,25,3.0
10146,54,2.0
10147,20,1.0
10148,45,2.0
10149,20,1.0
10149,22,1.0
10149,42,1.0
10150,59,2.0
10150,45,2.0
10150,30,2.0
10151,20,3.0
10151,14,3.0
10152,55,1.0
10153,17,3.0
10153,57,1.0
10154,10,2.0
10154,26,2.0
10155,55,2.0
10155,36,3.0
10155,48,1.0
10155,20,2.0
10156,9,1.0
10156,57,2.0
10156,27,1.0
10157,46,3.0
10157,45,3.0
10158,16,1.0
10158,5,3.0
10159,4,3.0
10159,49,1.0
10159,25,1.0
10160,60,1.0
10160,50,3.0
10160,18,1.0
10161,48,2.0
10161,20,2.0
10162,27,
10162,35,3.0
10162,3,1.0
10163,8,2.0
10163,19,2.0
10163,53,2.0
10163,33,2.0
10164,53,1.0
10164,59,3.0
10164,21,2.0
10164,32,3.0
10165,8,2.0
10166,42,2.0
10166,35,2.0
10166,57,3.0
10166,50,2.0
10167,54,2.0
10167,50,2.0
10167,52,3.0
10167,43,2.0
10168,51,3.0
10168,25,3.0
10168,41,3.0
10169,15,2.0
10169,41,3.0
10170,5,2.0
10170,33,1.0
10170,25,1.0
10171,53,1.0
10171,55,2.0
10171,28,3.0
10171,46,3.0
10172,18,3.0
10172,50,2.0
10173,40,2.0
10173,57,2.0
10173,13,1.0
10174,9,2.0
10175,29,2.0
10176,60,2.0
10176,24,1.0
10177,10,1.0
10177,11,3.0
10177,4,3.0
10178,34,3.0
10178,51,1.0
10178,4,2.0
10178,42,1.0
10179,21,3.0
10179,8,3.0
10180,57,1.0
10180,6,3.0
10180,33,1.0
10181,4,2.0
10182,18,2.0
10183,23,1.0
10183,39,3.0
10184,45,2.0
10184,27,3.0
10185,2,1.0
10185,24,1.0
10186,59,3.0
10186,30,2.0
10187,16,2.0
10188,21,3.0
10189,9,3.0
10190,60,2.0
10190,53,3.0
10190,50,1.0
10191,57,3.0
10191,6,3.0
10191,24,3.0
10192,1,1.0
10192,38,1.0
10192,33,2.0
10193,53,1.0
10193,40,1.0
10193,41,1.0
10193,36,2.0
10194,44,1.0
10194,30,1.0
10194,22,2.0
10194,39,2.0
10195,37,3.0
10195,19,3.0
10195,21,2.0
10196,24,2.0
10196,55,1.0
10196,45,3.0
10197,40,3.0
10197,10,2.0
10197,38,1.0
10197,45,3.0
10198,26,2.0
10199,28,1.0
10199,56,1.0
10199,52,1.0
10200,54,2.0
10200,15,1.0
10201,9,2.0
10201,18,3.0
10202,20,2.0
10202,32,1.0
10202,9,3.0
10202,41,2.0
10203,2,1.0
10204,41,2.0
10204,14,2.0
10205,49,3.0
10206,57,2.0
10206,52,2.0
10206,58,2.0
10206,43,1.0
10207,15,3.0
10207,10,2.0
10208,46,1.0
10208,40,1.0
10208,58,2.0
10209,18,2.0
10209,50,1.0
10209,57,2.0
10209,58,3.0
10210,60,1.0
10210,31,2.0
10210,25,2.0
10211,15,1.0
10211,10,2.0
10211,44,1.0
10212,15,2.0
10213,13,3.0
10213,52,2.0
10213,44,1.0
10213,50,3.0
10214,57,3.0
10214,2,2.0
10214,8,2.0
10215,55,2.0
10216,20,3.0
10216,55,3.0
10217,56,1.0
10218,55,2.0
10218,3,3.0
10218,45,1.0
10218,52,2.0
10219,6,1.0
10220,43,1.0
10220,56,1.0
10220,48,3.0
10220,52,3.0
10221,25,2.0
10221,22,1.0
10221,35,2.0
10221,13,2.0
10222,36,2.0
10223,18,1.0
10224,40,1.0
10225,5,3.0
10225,55,3.0
10226,19,1.0
10226,48,1.0
10226,50,2.0
10227,9,1.0
10227,42,3.0
10228,1,2.0
10228,2,2.0
10228,25,3.0
10229,6,3.0
10230,19,3.0
10230,50,3.0
10231,50,2.0
10231,58,2.0
10231,60,3.0
10232,14,1.0
10233,49,2.0
10234,2,2.0
10234,45,1.0
10234,52,2.0
10235,39,1.0
10235,26,3.0
10235,22,2.0
10236,45,1.0
10236,54,2.0
10236,36,1.0
10236,33,3.0
10237,24,1.0
10238,17,1.0
10238,23,1.0
10238,21,2.0
10238,47,3.0
10239,7,1.0
10239,60,1.0
10239,29,1.0
10239,47,1.0
10240,19,2.0
10241,5,1.0
10241,42,3.0
10242,52,1.0
10242,1,2.0
10242,38,2.0
10243,41,3.0
10243,34,3.0
10243,52,1.0
10243,32,3.0
10244,41,1.0
10244,19,2.0
10244,52,2.0
10244,5,1.0
10245,41,3.0
10245,50,1.0
10245,46,3.0
10246,47,3.0
10246,13,3.0
10246,9,3.0
10246,57,2.0
10247,30,2.0
10247,21,1.0
10248,53,2.0
10248,44,3.0
10248,46,1.0
10249,8,3.0
10250,44,2.0
10250,57,1.0
10250,37,2.0
10250,25,1.0
10251,11,3.0
10251,13,3.0
10252,6,3.0
10252,33,3.0
10253,16,2.0
10253,60,1.0
10254,46,3.0
10254,11,1.0
10254,6,3.0
10254,18,2.0
10255,26,3.0
10256,50,3.0
10256,1,2.0
10256,33,2.0
10257,33,2.0
10258,38,3.0
10258,13,2.0
10258,33,3.0
10259,58,3.0
10259,21,3.0
10259,52,1.0
10260,38,3.0
10260,4,1.0
10260,48,1.0
10261,13,2.0
10261,6,2.0
10261,15,1.0
10262,53,3.0
10262,12,3.0
10262,40,3.0
10263,8,1.0
10263,48,2.0
10263,33,3.0
10263,31,2.0
10264,10,2.0
10264,29,2.0
10265,39,1.0
10266,25,1.0
10266,45,3.0
10266,54,2.0
10267,14,1.0
10268,27,2.0
10268,15,3.0
10268,33,2.0
10269,12,3.0
10269,2,2.0
10269,13,3.0
10270,10,2.0
10270,15,3.0
10270,55,3.0
10270,57,2.0
10271,17,1.0
10271,46,1.0
10271,56,3.0
10271,24,2.0
10272,14,3.0
10272,36,2.0
10273,20,2.0
10273,28,2.0
10273,27,3.0
10274,49,3.0
10274,20,3.0
10275,13,1.0
10276,39,1.0
10276,15,1.0
10276,24,3.0
10276,23,2.0
10277,37,2.0
10277,7,3.0
10277,32,2.0
10277,20,2.0
10278,15,3.0
10278,36,3.0
10279,47,3.0
10279,32,2.0
10279,44,2.0
10280,5,3.0
10280,21,2.0
10280,18,2.0
10281,56,2.0
10281,6,2.0
10282,44,2.0
10282,41,1.0
10282,17,3.0
10282,4,3.0
10283,27,1.0
10284,31,3.0
10284,40,1.0
10284,21,3.0
10284,41,3.0
10285,33,2.0
10285,1,2.0
10285,49,3.0
10286,14,3.0
10286,4,3.0
10286,20,2.0
10286,53,3.0
10287,19,1.0
10287,16,1.0
10287,3,3.0
10288,58,1.0
10289,51,3.0
10289,10,3.0
10290,42,2.0
10290,36,2.0
10290,35,1.0
10290,58,3.0
10291,32,1.0
10291,46,3.0
10292,58,3.0
10293,20,2.0
10294,34,1.0
10294,16,2.0
10294,54,3.0
10295,20,2.0
10295,43,1.0
10295,33,3.0
10296,29,1.0
10296,24,3.0
10296,54,3.0
10296,45,2.0
10297,12,3.0
10297,37,3.0
10298,15,1.0
10298,21,1.0
10298,44,3.0
10299,58,3.0
10299,53,3.0
10299,34,2.0
10299,9,1.0
10300,22,2.0
10300,29,2.0
10300,54,3.0
10300,18,1.0
10301,38,2.0
10301,37,1.0
10302,19,3.0
10302,51,3.0
10303,13,3.0
10303,5,3.0
10303,52,3.0
10303,11,2.0
10304,26,3.0
10304,9,1.0
10304,28,3.0
10304,3,2.0
10305,53,1.0
10305,50,3.0
10305,33,1.0
10305,24,2.0
10306,17,1.0
10307,38,3.0
10307,56,2.0
10308,1,3.0
10308,56,1.0
10308,41,3.0
10308,50,3.0
10309,28,3.0
10309,15,1.0
10310,3,3.0
10310,26,2.0
10311,22,3.0
10312,12,1.0
10312,22,2.0
10313,7,1.0
10313,43,2.0
10313,14,3.0
10314,40,1.0
10314,12,3.0
10314,38,2.0
10315,16,3.0
10315,32,2.0
10315,29,2.0
10315,56,2.0
10316,23,3.0
10316,59,1.0
10317,5,2.0
10317,41,3.0
10317,3,3.0
10317,39,2.0
10318,29,2.0
10318,33,1.0
10318,28,2.0
10318,15,1.0
10319,55,3.0
10319,10,3.0
10319,39,1.0
10319,16,3.0
10320,11,3.0
10320,12,1.0
10321,10,1.0
10321,20,2.0
10321,22,1.0
10322,45,3.0
10322,7,3.0
10322,10,1.0
10322,2,2.0
10323,56,3.0
10323,27,2.0
10323,28,1.0
10324,13,2.0
10324,51,2.0
10324,44,3.0
10325,20,3.0
10326,42,1.0
10326,2,3.0
10326,4,3.0
10327,52,3.0
10327,8,2.0
10328,19,2.0
10328,14,1.0
10329,34,1.0
10329,23,2.0
10330,10,1.0
10330,36,1.0
10330,4,1.0
10331,3,2.0
10331,50,3.0
10331,18,3.0
10331,5,2.0
10332,37,2.0
10332,4,3.0
10332,44,2.0
10332,9,2.0
10333,58,3.0
10334,57,2.0
10335,52,2.0
10336,13,2.0
10337,11,3.0
10338,38,1.0
10339,18,1.0
10339,16,2.0
10339,14,1.0
10339,54,3.0
10340,45,1.0
10340,32,1.0
10340,19,3.0
10341,60,2.0
10341,40,3.0
10341,13,3.0
10342,6,1.0
10342,57,1.0
10342,22,1.0
10342,26,1.0
10343,27,3.0
10344,30,2.0
10344,8,1.0
10344,9,3.0
10344,42,2.0
10345,58,2.0
10345,16,2.0
10346,39,1.0
10346,22,3.0
10346,53,1.0
10346,42,2.0
10347,20,1.0
10348,29,1.0
10348,7,2.0
10348,33,1.0
10348,43,1.0
10349,4,1.0
10349,37,3.0
10349,8,2.0
10349,43,2.0
10350,7,2.0
10351,9,2.0
10351,16,2.0
10351,14,1.0
10351,8,3.0
10352,55,1.0
10352,37,2.0
10352,16,2.0
10353,33,2.0
10354,43,1.0
10354,2,3.0
10354,14,3.0
10354,35,2.0
10355,12,1.0
10356,15,2.0
10356,5,3.0
10356,27,1.0
10356,57,1.0
10357,44,3.0
10357,18,2.0
10358,21,1.0
10358,46,3.0
10358,20,3.0
10359,35,2.0
10360,24,3.0
10361,21,3.0
10361,53,3.0
10361,36,2.0
10362,38,2.0
10362,50,2.0
10362,10,1.0
10363,19,1.0
10363,3,3.0
10363,7,1.0
10364,7,3.0
10364,1,2.0
10364,41,2.0
10364,10,3.0
10365,13,3.0
10365,60,3.0
10366,19,1.0
10366,53,3.0
10366,59,2.0
10366,47,1.0
10367,15,2.0
10367,39,1.0
10367,12,3.0
10367,33,2.0
10368,32,2.0
10368,20,2.0
10368,28,1.0
10368,53,1.0
10369,20,1.0
10370,29,3.0
10371,28,3.0
10371,49,2.0
10371,60,1.0
10371,21,3.0
10372,7,2.0
10373,12,3.0
10373,57,1.0
10374,1,1.0
10374,47,2.0
10374,15,2.0
10374,26,3.0
10375,58,2.0
10375,53,1.0
10376,1,1.0
10376,50,3.0
10376,4,3.0
10376,56,3.0
10377,6,1.0
10377,30,1.0
10377,16,2.0
10378,26,2.0
10378,57,1.0
10378,21,2.0
10378,45,1.0
10379,28,1.0
10380,17,3.0
10381,25,3.0
10382,34,1.0
10382,46,2.0
10382,8,2.0
10382,12,3.0
10383,15,3.0
10383,35,3.0
10383,42,2.0
10384,28,3.0
10385,49,2.0
10385,21,1.0
10385,33,1.0
10386,52,1.0
10387,60,1.0
10387,6,2.0
10388,52,2.0
10388,58,3.0
10388,56,1.0
10389,60,3.0
10389,59,1.0
10389,55,2.0
10390,11,3.0
10390,12,1.0
10391,43,3.0
10391,52,3.0
10391,60,1.0
10392,27,3.0
10393,23,2.0
10393,44,1.0
10393,33,2.0
10393,27,2.0
10394,7,3.0
10394,13,1.0
10395,41,1.0
10396,16,2.0
10396,9,3.0
10396,35,2.0
10397,11,2.0
10398,50,2.0
10398,23,1.0
10398,7,3.0
10398,27,2.0
10399,30,3.0
10399,8,3.0
10399,21,2.0
10399,52,2.0
10400,27,2.0
10400,16,2.0
10400,20,3.0
10401,46,2.0
10401,28,1.0
10402,8,2.0
10402,54,2.0
10402,28,2.0
10403,59,2.0
10403,53,2.0
10403,10,1.0
10403,19,2.0
10404,13,1.0
10404,6,1.0
10405,5,2.0
10406,25,3.0
10406,18,1.0
10407,9,1.0
10407,12,1.0
10407,25,1.0
10408,33,2.0
10408,3,3.0
10408,23,3.0
10409,54,3.0
10409,2,1.0
10409,1,3.0
10409,35,1.0
10410,19,2.0
10411,29,3.0
10411,32,3.0
10411,49,1.0
10412,13,1.0
10412,56,2.0
10412,17,2.0
10413,51,1.0
10413,42,1.0
10413,13,2.0
10413,10,3.0
10414,14,2.0
10414,41,2.0
10414,50,3.0
10415,59,2.0
10415,28,1.0
10415,11,1.0
10416,18,1.0
10416,58,1.0
10417,28,3.0
10417,19,3.0
10417,48,3.0
10418,4,3.0
10418,17,1.0
10419,28,2.0
10419,56,2.0
10419,7,2.0
10420,16,3.0
10420,15,2.0
10420,51,1.0
10420,58,1.0
10421,21,2.0
10421,58,1.0
10422,12,3.0
10422,17,1.0
10423,51,2.0
10423,10,2.0
10423,54,2.0
10423,18,1.0
10424,9,2.0
10424,44,2.0
10425,9,2.0
10426,40,2.0
10426,29,2.0
10427,50,1.0
10427,51,3.0
10427,30,1.0
10428,18,3.0
10428,13,3.0
10428,36,3.0
10429,38,2.0
10430,60,1.0
10430,49,1.0
10430,9,1.0
10430,48,3.0
10431,37,2.0
10431,45,3.0
10431,11,2.0
10431,36,3.0
10432,5,2.0
10432,11,1.0
10433,14,2.0
10433,17,1.0
10433,22,2.0
10434,33,3.0
10434,52,3.0
10434,26,1.0
10434,31,2.0
10435,32,3.0
10435,20,2.0
10435,54,2.0
10436,26,1.0
10436,34,2.0
10436,10,1.0
10436,47,3.0
10437,47,3.0
10437,55,2.0
10438,28,3.0
10438,24,1.0
10438,9,3.0
10438,15,1.0
10439,21,1.0
10439,44,1.0
10439,58,1.0
10440,10,3.0
10441,50,1.0
10441,13,1.0
10441,47,2.0
10442,42,1.0
10443,5,2.0
10443,8,3.0
10443,43,1.0
10444,31,1.0
10444,36,3.0
10445,57,1.0
10445,28,3.0
10445,35,2.0
10446,12,2.0
10447,56,3.0
10447,41,3.0
10447,19,1.0
10448,31,2.0
10449,14,3.0
10449,60,2.0
10449,28,2.0
10450,32,3.0
10451,34,2.0
10451,33,1.0
10452,7,3.0
10452,4,1.0
10453,21,2.0
10453,5,1.0
10454,45,3.0
10454,16,3.0
10455,1,2.0
10455,25,2.0
10456,51,3.0
10457,53,3.0
10457,38,2.0
10458,22,3.0
10459,26,3.0
10459,46,3.0
10459,56,3.0
10460,34,2.0
10461,25,2.0
10461,8,2.0
10461,19,3.0
10462,60,2.0
10463,58,2.0
10464,39,3.0
10464,51,2.0
10464,36,1.0
10464,27,2.0
10465,41,3.0
10466,55,2.0
10466,42,1.0
10466,59,3.0
10467,35,2.0
10467,46,3.0
10467,5,1.0
10467,22,1.0
10468,36,3.0
10468,21,3.0
10469,24,1.0
10469,34,2.0
10470,56,1.0
10471,26,2.0
10472,33,2.0
10472,18,3.0
10473,37,3.0
10474,27,2.0
10474,7,1.0
10474,21,3.0
10475,1,1.0
10475,46,3.0
10476,57,2.0
10477,45,1.0
10477,26,3.0
10477,31,3.0
10477,54,1.0
10478,23,2.0
10478,40,2.0
10478,36,1.0
10479,44,2.0
10480,6,2.0
10480,48,1.0
10481,22,3.0
10482,7,1.0
10482,57,2.0
10482,2,1.0
10482,13,2.0
10483,17,2.0
10483,16,3.0
10483,1,2.0
10484,55,3.0
10484,43,3.0
10485,41,3.0
10486,2,3.0
10486,48,1.0
10487,38,2.0
10487,47,3.0
10487,26,2.0
10487,15,1.0
10488,41,2.0
10488,52,3.0
10488,33,3.0
10488,50,3.0
10489,3,2.0
10490,29,2.0
10490,10,2.0
10491,34,3.0
10491,19,2.0
10491,56,2.0
10492,41,1.0
10493,16,2.0
10494,40,2.0
10494,7,2.0
10494,29,3.0
10495,41,3.0
10496,47,2.0
10496,10,2.0
10496,26,2.0
10497,52,1.0
10497,13,1.0
10497,53,2.0
10498,36,3.0
10498,9,1.0
10498,25,1.0
10499,32,2.0
10499,8,1.0
10500,39,1.0
10500,41,2.0
10500,29,2.0
10500,30,1.0
10501,7,1.0
10501,1,3.0
10502,30,1.0
10503,26,2.0
10503,9,2.0
10503,54,2.0
10503,7,2.0
10504,8,1.0
10504,36,2.0
10504,59,2.0
10505,20,1.0
10505,43,3.0
10506,59,3.0
10506,36,3.0
10506,23,3.0
10507,19,3.0
10508,1,1.0
10508,56,1.0
10508,28,3.0
10508,46,3.0
10509,26,2.0
10510,25,2.0
10510,32,1.0
10510,12,2.0
10511,43,3.0
10511,27,3.0
10511,53,1.0
10511,38,2.0
10512,36,3.0
10513,3,1.0
10514,11,1.0
10514,42,3.0
10515,2,2.0
10516,6,1.0
10516,46,2.0
10516,18,2.0
10517,53,3.0
10517,15,3.0
10518,54,3.0
10518,44,1.0
10518,26,2.0
10518,56,1.0
10519,9,3.0
10519,17,2.0
10520,54,2.0
10520,21,3.0
10521,8,2.0
10521,60,2.0
10522,12,1.0
10522,39,2.0
10522,33,3.0
10522,14,3.0
10523,17,1.0
10523,13,1.0
10524,50,3.0
10525,5,2.0
10525,55,3.0
10525,37,3.0
10526,16,1.0
10526,40,1.0
10527,20,3.0
10527,41,1.0
10528,49,3.0
10528,21,3.0
10529,14,3.0
10529,60,3.0
10530,42,2.0
10530,2,2.0
10530,58,2.0
10531,60,3.0
10531,51,2.0
10531,10,1.0
10531,50,1.0
10532,57,2.0
10532,1,1.0
10533,22,1.0
10534,46,3.0
10534,16,1.0
10534,49,3.0
10535,49,3.0
10535,12,2.0
10535,35,3.0
10536,41,1.0
10537,15,3.0
10537,56,2.0
10538,43,3.0
10538,37,2.0
10539,28,1.0
10539,13,3.0
10539,38,1.0
10539,37,2.0
10540,58,2.0
10540,47,3.0
10541,26,2.0
10541,18,1.0
10541,23,3.0
10541,2,2.0
10542,57,2.0
10542,27,2.0
10543,19,1.0
10543,34,3.0
10543,15,3.0
10544,52,2.0
10544,38,3.0
10544,2,2.0
10545,32,3.0
10545,2,2.0
10545,49,3.0
10546,22,1.0
10546,39,2.0
10547,25,2.0
10547,16,2.0
10547,51,1.0
10548,7,2.0
10548,34,1.0
10548,36,1.0
10548,29,3.0
10549,14,3.0
10550,34,3.0
10550,27,3.0
10550,51,1.0
10551,30,1.0
10551,27,2.0
10551,18,1.0
10552,10,1.0
10552,31,1.0
10553,53,1.0
10554,57,3.0
10554,39,3.0
10555,40,2.0
10556,34,1.0
10556,35,2.0
10557,13,2.0
10557,16,3.0
10558,5,1.0
10558,34,3.0
10558,19,1.0
10558,1,2.0
10559,49,2.0
10559,27,1.0
10559,18,3.0
10560,13,1.0
10561,51,2.0
10561,24,3.0
10561,29,1.0
10562,24,1.0
10563,48,1.0
10564,5,2.0
10564,2,3.0
10565,3,1.0
10565,14,1.0
10565,1,1.0
10565,41,3.0
10566,14,3.0
10566,8,3.0
10566,9,1.0
10566,30,2.0
10567,21,3.0
10568,49,3.0
10568,51,1.0
10568,31,2.0
10569,21,3.0
10569,27,3.0
10569,19,2.0
10570,46,1.0
10571,36,2.0
10571,17,3.0
10571,34,3.0
10571,14,1.0
10572,55,2.0
10572,24,2.0
10573,52,3.0
10574,36,1.0
10574,23,2.0
10575,27,1.0
10575,44,1.0
10576,21,3.0
10576,34,3.0
10577,50,2.0
10577,7,3.0
10578,54,3.0
10578,4,1.0
10579,2,2.0
10580,42,2.0
10580,1,1.0
10581,13,1.0
10582,31,3.0
10582,42,1.0
10582,18,2.0
10583,51,3.0
10583,48,2.0
10584,60,3.0
10584,44,2.0
10584,54,3.0
10584,27,3.0
10585,55,1.0
10585,21,1.0
10585,47,3.0
10585,35,3.0
10586,38,2.0
10586,57,2.0
10587,42,3.0
10587,12,1.0
10587,21,2.0
10587,7,2.0
10588,45,2.0
10589,28,3.0
10589,25,1.0
10590,53,1.0
10590,43,2.0
10591,57,1.0
10591,35,3.0
10592,47,3.0
10592,29,3.0
10592,25,1.0
10593,40,3.0
10594,32,3.0
10594,25,3.0
10594,47,1.0
10594,1,3.0
10595,15,3.0
10595,22,1.0
10596,19,1.0
10596,30,1.0
10597,57,2.0
10597,55,2.0
10597,46,3.0
10597,54,2.0
10598,42,1.0
10599,11,2.0
10600,53,3.0
10600,8,2.0
10600,35,2.0
10600,15,3.0
10601,18,2.0
10601,35,3.0
10601,42,3.0
10601,43,2.0
10602,37,2.0
10602,50,3.0
10602,22,1.0
10603,39,2.0
10603,45,2.0
10603,10,2.0
10604,31,1.0
10604,24,2.0
10604,60,2.0
10604,6,1.0
10605,42,1.0
10606,28,2.0
10606,27,3.0
10606,53,3.0
10606,12,2.0
10607,29,1.0
10608,9,3.0
10609,16,1.0
10609,32,3.0
10609,4,2.0
10609,43,3.0
10610,60,1.0
10610,10,1.0
10610,35,1.0
10611,46,2.0
10612,18,2.0
10613,60,2.0
10613,25,1.0
10614,60,3.0
10614,55,3.0
10615,32,3.0
10615,35,1.0
10615,45,3.0
10615,11,1.0
10616,53,1.0
10616,33,3.0
10616,17,3.0
10617,9,1.0
10617,23,2.0
10617,7,2.0
10617,3,1.0
10618,27,2.0
10618,47,3.0
10618,43,2.0
10618,54,2.0
10619,31,2.0
10619,58,1.0
10619,37,3.0
10620,32,2.0
10620,18,2.0
10620,16,3.0
10621,26,1.0
10621,5,1.0
10622,14,1.0
10622,15,2.0
10622,49,1.0
10622,11,1.0
10623,52,2.0
10623,3,3.0
10623,11,2.0
10624,41,2.0
10624,20,3.0
10624,59,2.0
10625,25,3.0
10626,28,1.0
10627,11,2.0
10627,36,2.0
10627,8,3.0
10627,9,3.0
10628,23,1.0
10628,31,1.0
10628,18,3.0
10629,15,3.0
10630,59,3.0
10630,16,1.0
10631,2,1.0
10631,49,1.0
10632,60,2.0
10633,57,1.0
10633,36,3.0
10633,3,3.0
10633,34,3.0
10634,24,1.0
10634,56,1.0
10635,18,1.0
10635,43,2.0
10635,39,3.0
10636,12,1.0
10636,19,1.0
10637,9,2.0
10638,54,2.0
10638,4,3.0
10639,2,1.0
10640,36,3.0
10641,23,1.0
10641,53,2.0
10641,26,2.0
10641,16,2.0
10642,47,1.0
10642,29,1.0
10642,18,2.0
10643,4,3.0
10643,49,1.0
10643,44,3.0
10643,45,3.0
10644,39,2.0
10644,32,1.0
10644,55,3.0
10644,43,3.0
10645,14,2.0
10645,51,2.0
10645,40,3.0
10646,42,1.0
10647,19,2.0
10647,29,1.0
10647,57,1.0
10647,50,2.0
10648,33,3.0
10649,16,2.0
10649,13,2.0
10649,18,2.0
10649,1,1.0
10650,27,3.0
10650,4,3.0
10650,2,1.0
10650,19,3.0
10651,20,1.0
10651,9,3.0
10651,34,2.0
10651,17,3.0
10652,4,3.0
10652,34,1.0
10652,24,1.0
10653,21,3.0
10653,3,3.0
10653,27,2.0
10653,29,1.0
10654,52,2.0
10654,59,2.0
10654,36,3.0
10655,47,3.0
10656,59,2.0
10656,10,2.0
10657,7,3.0
10657,55,2.0
10658,9,3.0
10658,7,2.0
10658,1,1.0
10658,40,1.0
10659,33,3.0
10659,1,3.0
10659,11,2.0
10659,54,1.0
10660,21,2.0
10660,20,3.0
10661,22,3.0
10661,57,3.0
10662,40,3.0
10662,5,1.0
10662,33,2.0
10662,51,3.0
10663,8,3.0
10663,17,1.0
10664,14,3.0
10664,41,2.0
10664,37,2.0
10665,2,3.0
10665,32,3.0
10665,33,2.0
10665,57,3.0
10666,31,1.0
10667,43,3.0
10667,48,3.0
10668,37,1.0
10669,55,1.0
10669,6,2.0
10669,5,3.0
10669,38,3.0
10670,15,1.0
10670,46,3.0
10671,16,2.0
10671,25,1.0
10672,45,3.0
10673,17,3.0
10674,27,1.0
10674,41,3.0
10674,14,1.0
10674,22,3.0
10675,44,3.0
10675,57,2.0
10675,49,3.0
10676,39,3.0
10676,13,2.0
10676,34,3.0
10676,40,3.0
10677,20,3.0
10677,30,1.0
10677,54,2.0
10678,13,1.0
10678,20,2.0
10678,11,1.0
10679,10,3.0
10679,54,3.0
10680,55,3.0
10680,29,3.0
10680,30,2.0
10681,27,2.0
10682,17,1.0
10682,3,3.0
10682,54,3.0
10682,7,1.0
10683,47,2.0
10683,41,2.0
10683,23,1.0
10683,40,2.0
10684,32,1.0
10684,24,1.0
10685,15,1.0
10685,4,2.0
10686,9,3.0
10686,48,3.0
10686,15,2.0
10687,54,2.0
10687,43,1.0
10687,22,3.0
10687,45,2.0
10688,25,3.0
10688,36,2.0
10688,14,1.0
10689,56,1.0
10690,42,1.0
10690,11,2.0
10691,23,3.0
10691,30,2.0
10692,52,2.0
10693,38,1.0
10694,23,1.0
10694,60,3.0
10695,18,3.0
10695,45,2.0
10696,34,2.0
10696,24,2.0
10696,55,1.0
10697,27,
10697,29,3.0
10697,2,1.0
10698,4,3.0
10698,5,1.0
10699,26,3.0
10699,46,2.0
10700,7,2.0
10700,55,3.0
10700,49,2.0
10700,13,3.0
10701,25,2.0
10701,7,1.0
10701,52,1.0
10702,20,2.0
10702,40,3.0
10703,54,1.0
10703,36,3.0
10703,27,1.0
10703,25,2.0
10704,27,1.0
10704,17,1.0
10704,3,1.0
10704,52,2.0
10705,10,1.0
10705,50,2.0
10706,59,1.0
10706,33,3.0
10706,41,2.0
10707,19,3.0
10708,28,3.0
10708,19,2.0
10708,51,3.0
10708,10,2.0
10709,43,2.0
10710,41,2.0
10710,45,2.0
10710,20,1.0
10711,37,3.0
10711,19,3.0
10712,57,2.0
10713,31,3.0
10713,32,3.0
10713,22,3.0
10713,20,3.0
10714,55,2.0
10714,51,1.0
10714,59,2.0
10714,60,3.0
10715,20,2.0
10715,3,3.0
10715,41,2.0
10715,28,1.0
10716,43,1.0
10716,54,3.0
10716,26,2.0
10716,6,3.0
10717,16,3.0
10717,18,2.0
10718,15,2.0
10718,17,3.0
10719,29,1.0
10719,54,1.0
10719,60,2.0
10719,17,2.0
10720,9,1.0
10720,60,3.0
10720,31,3.0
10720,5,2.0
10721,22,1.0
10721,58,2.0
10722,52,2.0
10722,25,2.0
10722,26,3.0
10723,12,3.0
10723,31,1.0
10724,11,2.0
10724,43,3.0
10725,46,3.0
10725,53,3.0
10725,35,3.0
10725,26,3.0
10726,3,2.0
10726,33,2.0
10727,47,3.0
10727,52,3.0
10727,15,2.0
10728,27,1.0
10728,22,1.0
10728,51,1.0
10729,43,2.0
10729,40,2.0
10729,7,2.0
10730,59,2.0
10731,8,3.0
10731,28,3.0
10731,50,2.0
10732,38,2.0
10732,36,2.0
10732,49,3.0
10732,27,1.0
10733,23,2.0
10733,59,2.0
10733,57,2.0
10734,2,1.0
10734,8,1.0
10734,17,2.0
10735,31,3.0
10735,40,1.0
10735,19,1.0
10735,54,2.0
10736,24,3.0
10736,38,1.0
10737,24,1.0
10738,47,3.0
10739,30,2.0
10740,41,3.0
10740,28,3.0
10741,41,3.0
10742,17,2.0
10742,50,1.0
10742,18,2.0
10743,10,2.0
10743,57,3.0
10743,55,3.0
10744,31,3.0
10745,46,2.0
10745,48,1.0
10745,28,1.0
10745,36,3.0
10746,13,1.0
10746,28,1.0
10747,58,2.0
10747,24,2.0
10747,20,1.0
10748,45,3.0
10748,25,1.0
10748,11,1.0
10748,20,2.0
10749,4,1.0
10749,48,3.0
10750,49,2.0
10751,26,3.0
10751,47,2.0
10751,28,3.0
10751,8,3.0
10752,8,3.0
10752,29,3.0
10752,10,1.0
10752,45,1.0
10753,1,1.0
10753,22,2.0
10753,59,3.0
10753,57,3.0
10754,50,2.0
10754,55,2.0
10754,17,2.0
10755,21,3.0
10755,39,3.0
10755,34,3.0
10755,6,3.0
10756,3,2.0
10757,23,1.0
10757,42,1.0
10757,33,2.0
10757,4,2.0
10758,56,3.0
10759,54,3.0
10759,34,2.0
10759,52,3.0
10759,4,3.0
10760,23,1.0
10760,33,1.0
10761,41,1.0
10761,60,3.0
10762,40,1.0
10762,31,1.0
10762,8,3.0
10762,54,1.0
10763,35,3.0
10764,47,1.0
10764,60,2.0
10764,42,3.0
10765,3,2.0
10765,53,3.0
10766,17,1.0
10766,22,1.0
10766,58,3.0
10766,14,2.0
10767,38,3.0
10767,42,1.0
10767,34,1.0
10768,33,3.0
10768,15,1.0
10769,40,1.0
10769,25,3.0
10769,6,1.0
10770,15,1.0
10770,47,1.0
10770,42,1.0
10770,50,3.0
10771,34,1.0
10771,13,2.0
10771,25,3.0
10771,39,2.0
10772,6,3.0
10772,22,1.0
10773,48,1.0
10773,60,3.0
10774,41,3.0
10774,32,1.0
10774,37,1.0
10775,60,3.0
10776,60,1.0
10776,23,3.0
10776,58,1.0
10777,49,2.0
10777,56,3.0
10777,2,1.0
10777,8,2.0
10778,1,3.0
10778,8,2.0
10778,7,1.0
10779,3,2.0
10779,54,3.0
10780,22,1.0
10781,5,3.0
10781,42,2.0
10781,24,3.0
10781,29,1.0
10782,7,2.0
10782,52,2.0
10782,6,1.0
10782,22,2.0
10783,38,2.0
10783,10,1.0
10784,29,1.0
10784,51,2.0
10784,50,2.0
10785,20,3.0
10785,34,2.0
10786,3,3.0
10786,35,3.0
10786,18,2.0
10786,10,2.0
10787,32,3.0
10787,14,1.0
10787,36,1.0
10788,8,1.0
10788,58,2.0
10788,20,3.0
10789,22,1.0
10789,26,2.0
10790,54,1.0
10791,19,1.0
10791,59,1.0
10792,38,3.0
10792,36,1.0
10793,18,1.0
10793,30,3.0
10793,5,3.0
10793,34,3.0
10794,19,1.0
10795,15,3.0
10795,37,2.0
10796,8,3.0
10796,25,3.0
10796,36,3.0
10796,30,3.0
10797,25,2.0
10797,15,1.0
10798,33,2.0
10799,47,3.0
10799,19,3.0
10800,30,1.0
10801,24,3.0
10801,55,3.0
10802,34,2.0
10803,19,1.0
10803,45,1.0
10803,46,1.0
10803,54,1.0
10804,55,1.0
10804,34,1.0
10804,36,2.0
10805,35,1.0
10806,11,3.0
10806,51,2.0
10806,55,2.0
10807,20,3.0
10807,39,1.0
10808,52,3.0
10809,55,3.0
10809,25,3.0
10809,27,1.0
10809,5,3.0
10810,14,2.0
10810,51,1.0
10811,48,1.0
10811,33,2.0
10812,39,2.0
10813,14,1.0
10813,4,3.0
10813,8,1.0
10813,38,3.0
10814,44,1.0
10814,50,3.0
10814,19,3.0
10814,57,3.0
10815,1,1.0
10815,18,2.0
10816,5,1.0
10816,35,1.0
10816,18,2.0
10817,13,1.0
10817,14,1.0
10817,45,1.0
10818,44,1.0
10818,18,1.0
10818,53,1.0
10819,31,2.0
10820,60,1.0
10820,45,2.0
10820,19,1.0
10821,45,1.0
10821,12,2.0
10822,42,3.0
10822,36,3.0
10822,33,2.0
10823,43,2.0
10823,58,3.0
10824,44,2.0
10825,24,1.0
10825,31,1.0
10825,54,3.0
10825,13,2.0
10826,20,2.0
10826,21,1.0
10827,44,2.0
10828,31,1.0
10828,57,2.0
10828,53,3.0
10829,23,2.0
10830,46,3.0
10830,45,3.0
10831,26,1.0
10832,52,3.0
10832,47,3.0
10832,53,3.0
10832,44,3.0
10833,25,3.0
10833,57,3.0
10833,56,1.0
10833,6,3.0
10834,2,3.0
10834,38,2.0
10834,15,1.0
10835,23,2.0
10836,55,2.0
10837,5,1.0
10837,56,2.0
10837,19,3.0
10837,25,2.0
10838,7,3.0
10838,56,3.0
10838,2,1.0
10838,58,1.0
10839,27,3.0
10839,16,1.0
10839,51,2.0
10840,49,3.0
10840,48,1.0
10840,41,3.0
10840,14,2.0
10841,15,2.0
10841,3,1.0
10842,35,1.0
10842,51,3.0
10843,49,2.0
10844,60,2.0
10844,42,2.0
10845,20,1.0
10845,29,1.0
10845,8,2.0
10845,59,1.0
10846,34,3.0
10846,10,1.0
10846,16,2.0
10846,44,2.0
10847,58,2.0
10847,60,2.0
10848,10,1.0
10849,10,1.0
10849,36,2.0
10849,56,1.0
10850,19,2.0
10850,34,1.0
10851,16,1.0
10851,12,2.0
10851,41,3.0
10851,58,2.0
10852,13,1.0
10852,50,3.0
10852,4,1.0
10853,7,1.0
10853,20,
10854,1,1.0
10854,40,1.0
10854,22,1.0
10854,32,1.0
10855,28,3.0
10855,36,2.0
10855,49,3.0
10856,31,2.0
10857,14,2.0
10857,29,2.0
10858,60,1.0
10858,33,3.0
10859,25,3.0
10859,14,1.0
10860,54,3.0
10860,57,2.0
10860,43,3.0
10860,53,1.0
10861,21,1.0
10861,59,1.0
10861,48,1.0
10862,11,2.0
10862,4,1.0
10862,28,3.0
10862,13,3.0
10863,20,3.0
10863,34,1.0
10863,2,2.0
10863,33,3.0
10864,53,2.0
10864,7,3.0
10864,19,2.0
10864,39,1.0
10865,6,3.0
10865,45,2.0
10865,5,1.0
10865,49,2.0
10866,13,2.0
10866,15,2.0
10866,18,3.0
10867,46,1.0
10867,50,2.0
10867,30,1.0
10868,14,1.0
10868,5,3.0
10868,3,2.0
10868,50,2.0
10869,17,1.0
10869,60,1.0
10869,52,3.0
10870,25,3.0
10871,2,2.0
10872,5,1.0
10872,14,1.0
10873,7,2.0
10873,9,3.0
10873,55,1.0
10873,5,2.0
10874,60,1.0
10875,6,2.0
10876,28,3.0
10877,48,1.0
10877,1,3.0
10878,33,3.0
10878,50,3.0
10878,2,1.0
10878,29,1.0
10879,48,3.0
10879,8,2.0
10880,53,1.0
10881,13,2.0
10881,57,2.0
10881,51,2.0
10882,58,1.0
10882,49,1.0
10882,6,1.0
10883,56,1.0
10884,15,1.0
10884,37,2.0
10885,4,3.0
10885,36,2.0
10886,8,3.0
10886,53,3.0
10886,57,1.0
10887,43,2.0
10887,34,2.0
10888,13,2.0
10888,36,2.0
10888,40,1.0
10888,14,1.0
10889,54,3.0
10889,31,1.0
10889,38,2.0
10890,38,1.0
10891,43,1.0
10891,51,2.0
10891,53,2.0
10892,6,2.0
10892,58,3.0
10892,45,1.0
10892,2,2.0
10893,29,2.0
10893,5,1.0
10894,45,2.0
10894,10,3.0
10894,23,1.0
10894,25,3.0
10895,34,2.0
10895,36,1.0
10895,45,1.0
10896,18,1.0
10896,24,1.0
10896,23,2.0
10896,15,2.0
10897,57,3.0
10898,39,2.0
10899,4,1.0
10899,37,3.0
10899,3,3.0
10900,40,2.0
10900,22,3.0
10900,56,3.0
10900,60,2.0
10901,27,2.0
10901,52,3.0
10901,30,3.0
10902,50,3.0
10902,52,2.0
10903,14,1.0
10904,41,1.0
10905,16,2.0
10905,18,3.0
10906,54,1.0
10906,43,1.0
10907,9,1.0
10907,36,3.0
10907,35,1.0
10908,4,2.0
10908,27,2.0
10909,19,2.0
10909,26,3.0
10910,10,2.0
10911,42,1.0
10911,26,3.0
10911,9,3.0
10912,51,1.0
10913,15,3.0
10913,16,3.0
10913,48,3.0
10914,28,3.0
10914,41,2.0
10914,30,3.0
10915,8,2.0
10915,45,1.0
10915,49,3.0
10915,35,2.0
10916,17,3.0
10916,60,1.0
10916,54,1.0
10916,53,2.0
10917,30,2.0
10917,49,1.0
10918,44,3.0
10918,23,3.0
10919,15,3.0
10920,51,3.0
10920,3,3.0
10920,45,3.0
10921,47,3.0
10922,2,3.0
10922,43,1.0
10922,38,2.0
10923,60,3.0
10923,16,2.0
10924,6,1.0
10925,18,2.0
10925,15,1.0
10926,26,3.0
10927,20,1.0
10928,53,3.0
10928,42,2.0
10928,26,1.0
10928,9,3.0
10929,33,3.0
10929,13,2.0
10929,21,3.0
10930,21,2.0
10930,36,1.0
10930,29,2.0
10931,31,1.0
10931,60,2.0
10931,59,3.0
10932,43,3.0
10933,17,3.0
10933,7,2.0
10933,3,3.0
10934,52,2.0
10934,46,3.0
10935,18,2.0
10936,42,1.0
10936,11,1.0
10937,51,1.0
10937,1,1.0
10937,13,1.0
10937,42,1.0
10938,5,1.0
10938,10,1.0
10938,54,3.0
10938,18,3.0
10939,27,1.0
10940,30,1.0
10940,35,2.0
10941,52,1.0
10941,28,1.0
10942,53,1.0
10942,38,3.0
10942,7,1.0
10942,34,3.0
10943,14,1.0
10943,48,1.0
10944,54,1.0
10944,42,2.0
10944,46,2.0
10944,5,3.0
10945,24,1.0
10945,17,1.0
10945,51,3.0
10945,1,1.0
10946,29,1.0
10946,7,3.0
10947,32,2.0
10947,25,2.0
10948,45,2.0
10948,8,2.0
10948,43,1.0
10948,32,1.0
10949,58,1.0
10949,32,2.0
10949,17,1.0
10950,46,1.0
10950,1,3.0
10950,22,1.0
10950,27,3.0
10951,27,3.0
10952,5,3.0
10952,52,1.0
10952,27,2.0
10953,53,2.0
10953,46,1.0
10953,15,3.0
10953,43,1.0
10954,40,2.0
10954,35,1.0
10955,47,1.0
10956,10,1.0
10956,57,2.0
10956,58,3.0
10957,27,3.0
10958,46,2.0
10959,33,3.0
10959,13,1.0
10959,11,3.0
10959,16,1.0
10960,52,3.0
10960,2,1.0
10960,53,2.0
10961,43,1.0
10961,30,1.0
10962,15,2.0
10962,27,2.0
10962,55,2.0
10963,25,1.0
10963,58,3.0
10964,30,1.0
10964,51,3.0
10965,41,1.0
10965,60,2.0
10965,10,2.0
10965,35,2.0
10966,46,3.0
10966,48,3.0
10966,24,1.0
10967,27,1.0
10967,4,1.0
10967,8,3.0
10968,39,1.0
10968,58,3.0
10969,36,1.0
10969,41,3.0
10969,32,3.0
10969,5,1.0
10970,56,2.0
10970,20,1.0
10970,45,2.0
10970,14,3.0
10971,21,1.0
10971,34,1.0
10972,44,1.0
10972,20,3.0
10973,38,3.0
10973,39,1.0
10974,8,3.0
10974,26,2.0
10974,35,2.0
10974,53,1.0
10975,39,3.0
10975,50,3.0
10976,35,2.0
10976,57,2.0
10977,23,1.0
10978,47,2.0
10978,6,1.0
10978,21,3.0
10978,56,2.0
10979,16,2.0
10979,24,1.0
10980,17,2.0
10980,27,3.0
10981,14,3.0
10982,5,1.0
10982,48,3.0
10982,43,2.0
10982,31,2.0
10983,15,2.0
10983,18,2.0
10984,12,2.0
10984,32,3.0
10985,16,3.0
10985,48,1.0
10986,14,3.0
10986,21,2.0
10986,15,2.0
10986,33,1.0
10987,18,1.0
10987,24,1.0
10987,30,1.0
10987,42,3.0
10988,2,1.0
10988,45,3.0
10989,30,2.0
10990,58,3.0
10990,50,1.0
10990,48,2.0
10991,54,2.0
10992,1,3.0
10992,45,3.0
10992,5,3.0
10993,54,2.0
10993,21,2.0
10993,28,1.0
10994,3,1.0
10994,5,3.0
10994,20,3.0
10995,59,3.0
10995,14,2.0
10995,45,2.0
10995,49,2.0
10996,32,2.0
10996,51,3.0
10997,42,2.0
10997,21,1.0
10997,11,1.0
10998,37,2.0
10999,41,3.0
10999,20,1.0
11000,22,3.0
11000,28,2.0
11001,9,1.0
11002,21,3.0
11002,46,1.0
11002,57,1.0
11003,8,1.0
11003,60,3.0
11004,1,3.0
11004,18,2.0
11004,22,1.0
11005,31,3.0
11006,42,1.0
11006,43,1.0
11006,39,3.0
11007,28,1.0
11007,8,3.0
11007,2,1.0
11007,39,1.0
11008,29,1.0
11008,39,1.0
11009,59,1.0
11009,23,2.0
11010,25,2.0
11011,12,2.0
11012,36,2.0
11012,12,1.0
11012,3,1.0
11012,19,1.0
11013,23,2.0
11014,39,3.0
11015,54,2.0
11015,46,2.0
11015,4,3.0
11015,14,1.0
11016,44,2.0
11017,36,3.0
11018,25,1.0
11018,45,3.0
11019,22,2.0
11019,40,2.0
11019,44,1.0
11020,47,1.0
11020,16,2.0
11020,17,3.0
11021,5,2.0
11021,40,1.0
11021,28,2.0
11021,29,1.0
11022,22,3.0
11023,31,3.0
11024,35,3.0
11025,6,2.0
11026,45,2.0
11026,28,1.0
11026,24,3.0
11026,44,1.0
11027,45,1.0
11027,35,1.0
11027,13,1.0
11027,19,2.0
11028,37,3.0
11028,12,2.0
11029,27,2.0
11029,16,1.0
11029,23,2.0
11029,34,
11030,34,3.0
11030,33,2.0
11030,1,2.0
11030,5,2.0
11031,23,2.0
11031,56,3.0
11031,3,2.0
11031,17,2.0
11032,8,3.0
11032,26,2.0
11033,7,1.0
11034,39,1.0
11035,1,3.0
11036,24,1.0
11036,1,3.0
11037,34,3.0
11037,13,2.0
11037,1,2.0
11037,33,2.0
11038,59,2.0
11038,42,2.0
11039,39,3.0
11039,9,2.0
11039,57,1.0
11039,7,3.0
11040,32,3.0
11041,39,2.0
11041,32,3.0
11041,28,2.0
11042,11,2.0
11042,5,2.0
11042,10,3.0
11043,38,2.0
11043,10,2.0
11043,50,3.0
11043,60,2.0
11044,46,3.0
11045,11,1.0
11045,19,2.0
11046,24,1.0
11046,53,2.0
11046,9,3.0
11046,16,3.0
11047,33,3.0
11047,25,2.0
11047,48,2.0
11048,35,3.0
11048,48,2.0
11049,57,3.0
11049,26,2.0
11049,3,2.0
11049,51,3.0
11050,47,3.0
11050,19,2.0
11050,52,3.0
11050,15,2.0
11051,17,3.0
11051,22,2.0
11052,28,1.0
11052,4,1.0
11052,19,2.0
11052,16,3.0
11053,39,1.0
11054,7,3.0
11054,21,1.0
11054,4,3.0
11055,55,3.0
11055,58,1.0
11056,5,1.0
11057,24,3.0
11057,35,2.0
11057,7,2.0
11058,56,1.0
11059,49,1.0
11059,33,
11059,10,1.0
11060,46,1.0
11060,32,1.0
11060,33,3.0
11060,58,1.0
11061,34,2.0
11061,49,1.0
11062,21,2.0
11062,14,1.0
11062,55,1.0
11063,15,3.0
11063,44,1.0
11063,19,3.0
11064,44,3.0
11064,24,2.0
11064,25,1.0
11065,20,2.0
11065,27,1.0
11066,9,3.0
11066,35,2.0
11066,21,1.0
11067,34,1.0
11067,35,2.0
11068,24,3.0
11068,18,1.0
11069,59,2.0
11069,9,1.0
11069,28,2.0
11070,54,1.0
11070,38,3.0
11070,30,3.0
11070,19,2.0
11071,58,2.0
11071,7,2.0
11071,22,3.0
11072,22,1.0
11073,9,3.0
11074,44,2.0
11074,7,2.0
11075,21,2.0
11076,53,1.0
11076,59,3.0
11076,30,2.0
11077,9,3.0
11077,53,3.0
11077,41,1.0
11078,30,2.0
11078,15,2.0
11078,40,3.0
11079,3,3.0
11079,50,2.0
11079,39,2.0
11080,6,1.0
11080,51,1.0
11080,7,3.0
11081,30,2.0
11081,18,3.0
11081,17,3.0
11081,24,1.0
11082,38,3.0
11082,58,1.0
11082,51,3.0
11082,11,1.0
11083,2,2.0
11084,20,1.0
11085,39,2.0
11085,20,3.0
11085,12,1.0
11086,23,1.0
11087,46,2.0
11087,42,1.0
11087,56,2.0
11087,55,1.0
11088,40,2.0
11088,34,1.0
11088,8,2.0
11088,57,3.0
11089,1,3.0
11089,23,3.0
11089,26,3.0
11089,31,3.0
11090,18,1.0
11091,20,3.0
11091,40,3.0
11092,9,2.0
11092,16,1.0
11092,32,3.0
11093,31,2.0
11093,10,1.0
11093,19,1.0
11094,19,1.0
11095,46,1.0
11096,60,2.0
11096,43,3.0
11096,37,1.0
11096,21,3.0
11097,37,1.0
11097,53,3.0
11097,1,1.0
11097,24,2.0
11098,33,1.0
11098,6,2.0
11098,49,1.0
11098,7,1.0
11099,17,1.0
11099,14,2.0
11099,46,2.0
11100,13,1.0
11100,30,3.0
11101,41,1.0
11101,57,2.0
11101,48,3.0
11102,34,1.0
11102,47,1.0
11102,51,1.0
11102,48,3.0
11103,44,2.0
11103,2,2.0
11103,50,1.0
11104,52,1.0
11104,19,2.0
11104,40,1.0
11105,41,2.0
11105,2,1.0
11106,32,1.0
11106,57,3.0
11106,38,2.0
11107,10,3.0
11107,1,1.0
11108,37,2.0
11108,51,2.0
11108,7,3.0
11108,41,2.0
11109,15,1.0
11109,48,3.0
11110,37,1.0
11110,13,3.0
11111,7,3.0
11111,28,2.0
11112,50,2.0
11112,9,2.0
11113,46,1.0
11113,16,2.0
11113,1,1.0
11114,36,1.0
11114,57,2.0
11114,18,2.0
11115,17,1.0
11115,13,2.0
11116,26,1.0
11117,39,3.0
11117,9,2.0
11117,60,2.0
11117,47,1.0
11118,30,1.0
11119,35,3.0
11119,20,2.0
11119,12,1.0
11119,39,1.0
11120,25,1.0
11120,38,2.0
11120,32,3.0
11121,42,1.0
11122,37,3.0
11122,12,3.0
11122,49,3.0
11123,1,1.0
11123,6,1.0
11124,10,2.0
11125,29,1.0
11125,16,2.0
11125,19,3.0
11125,27,1.0
11126,2,1.0
11126,18,2.0
11126,36,3.0
11126,44,1.0
11127,52,1.0
11127,56,1.0
11127,29,2.0
11128,55,1.0
11128,2,2.0
11128,52,2.0
11128,8,1.0
11129,36,3.0
11130,6,2.0
11130,60,2.0
11131,12,2.0
11131,59,2.0
11131,23,3.0
11131,60,3.0
11132,26,2.0
11133,44,2.0
11133,50,1.0
11133,41,1.0
11134,53,3.0
11135,40,1.0
11135,46,2.0
11135,25,2.0
11136,41,3.0
11136,53,2.0
11136,27,
11136,8,3.0
11137,19,1.0
11137,8,3.0
11137,38,2.0
11137,49,3.0
11138,13,2.0
11139,27,2.0
11139,42,2.0
11140,51,2.0
11140,34,3.0
11141,23,2.0
11141,37,3.0
11141,26,1.0
11142,7,1.0
11142,14,1.0
11142,20,1.0
11143,45,3.0
11143,11,3.0
11144,49,2.0
11144,3,3.0
11144,35,3.0
11144,41,3.0
11145,21,1.0
11146,35,2.0
11147,56,1.0
11148,60,3.0
11148,59,2.0
11148,34,3.0
11149,7,1.0
11149,54,3.0
11150,47,2.0
11150,26,1.0
11150,38,2.0
11150,24,1.0
11151,35,1.0
11151,5,3.0
11152,22,3.0
11152,49,3.0
11152,24,3.0
11153,59,1.0
11153,37,3.0
11154,33,2.0
11154,13,2.0
11154,14,3.0
11155,9,2.0
11156,12,1.0
11157,33,1.0
11157,36,2.0
11157,17,1.0
11158,43,3.0
11158,15,3.0
11159,54,2.0
11159,52,3.0
11159,33,2.0
11160,16,2.0
11161,59,3.0
11161,58,2.0
11161,28,1.0
11161,27,1.0
11162,12,2.0
11163,38,3.0
11164,42,1.0
11164,7,1.0
11165,59,1.0
11165,27,1.0
11165,44,2.0
11165,43,3.0
11166,44,1.0
11167,13,1.0
11168,4,1.0
11168,41,3.0
11168,35,3.0
11168,58,1.0
11169,18,2.0
11170,20,3.0
11171,37,2.0
11172,39,3.0
11172,33,2.0
11172,11,3.0
11172,47,1.0
11173,32,2.0
11173,1,3.0
11173,46,2.0
11173,55,1.0
11174,40,3.0
11175,3,1.0
11175,33,3.0
11175,46,3.0
11175,10,1.0
11176,42,2.0
11177,55,2.0
11177,10,3.0
11177,15,2.0
11177,30,1.0
11178,55,2.0
11178,5,1.0
11178,17,2.0
11179,56,2.0
11180,27,3.0
11180,34,3.0
11180,25,2.0
11180,8,3.0
11181,45,3.0
11182,39,1.0
11182,43,1.0
11182,1,2.0
11182,11,1.0
11183,45,3.0
11184,39,1.0
11184,30,1.0
11184,2,2.0
11184,55,3.0
11185,36,1.0
11185,30,1.0
11186,53,3.0
11186,24,1.0
11186,57,2.0
11187,6,1.0
11187,54,1.0
11187,11,3.0
11187,57,3.0
11188,47,3.0
11189,8,3.0
11190,37,3.0
11190,22,1.0
11190,46,1.0
11191,58,1.0
11192,59,3.0
11192,8,3.0
11192,2,2.0
11193,7,3.0
11193,23,1.0
11193,37,2.0
11193,58,2.0
11194,5,2.0
11194,29,1.0
11194,13,3.0
11194,16,2.0
11195,24,3.0
11195,45,1.0
11195,60,3.0
11195,10,3.0
11196,12,1.0
11197,30,3.0
11197,45,3.0
11197,34,3.0
11197,35,1.0
11198,49,2.0
11199,2,3.0
11199,1,3.0
11200,25,2.0
11200,34,2.0
11200,33,3.0
11201,53,1.0
11201,3,1.0
11202,45,1.0
11202,43,2.0
11203,2,1.0
11203,31,2.0
11204,30,2.0
11204,24,1.0
11204,58,1.0
11205,33,2.0
11205,44,1.0
11205,5,1.0
11206,35,3.0
11206,7,1.0
11207,19,2.0
11207,13,3.0
11207,23,3.0
11207,15,2.0
11208,41,1.0
11208,19,3.0
11209,17,2.0
11209,7,1.0
11209,43,3.0
11210,59,2.0
11210,27,3.0
11211,27,2.0
11212,20,2.0
11212,13,3.0
11212,36,3.0
11212,2,1.0
11213,52,1.0
11213,43,1.0
11213,57,3.0
11213,60,1.0
11214,12,3.0
11214,36,1.0
11215,23,1.0
11215,37,3.0
11215,27,2.0
11215,53,1.0
11216,4,1.0
11216,51,2.0
11216,48,1.0
11216,30,2.0
11217,47,2.0
11218,5,2.0
11218,60,2.0
11218,33,3.0
11219,4,2.0
11219,7,1.0
11219,9,2.0
11220,17,3.0
11220,48,2.0
11220,5,2.0
11220,44,2.0
11221,16,3.0
11221,26,2.0
11222,11,2.0
11222,27,3.0
11223,52,2.0
11223,7,3.0
11224,4,1.0
11224,45,3.0
11225,9,2.0
11225,6,2.0
11225,16,1.0
11225,41,2.0
11226,31,1.0
11227,58,1.0
11227,37,1.0
11228,44,1.0
11228,24,3.0
11229,33,3.0
11229,14,1.0
11229,26,1.0
11229,52,3.0
11230,46,2.0
11231,18,3.0
11231,34,2.0
11231,22,2.0
11231,41,2.0
11232,42,3.0
11232,43,3.0
11232,52,3.0
11233,37,2.0
11234,7,2.0
11234,19,1.0
11234,12,1.0
11235,20,3.0
11235,25,1.0
11235,51,3.0
11235,54,3.0
11236,35,3.0
11236,5,2.0
11236,12,3.0
11236,16,3.0
11237,31,3.0
11238,3,2.0
11239,33,1.0
11240,19,1.0
11240,36,3.0
11241,14,3.0
11241,59,3.0
11242,55,1.0
11242,42,1.0
11242,53,3.0
11243,27,1.0
11244,2,3.0
11245,28,1.0
11245,41,1.0
11245,56,3.0
11246,33,3.0
11246,37,1.0
11247,20,3.0
11247,32,1.0
11248,37,2.0
11248,6,3.0
11248,51,1.0
11248,4,1.0
11249,13,3.0
11249,23,2.0
11249,22,3.0
11250,18,3.0
11251,22,2.0
11251,53,2.0
11252,17,1.0
11252,27,2.0
11252,51,3.0
11253,34,2.0
11253,53,2.0
11253,11,3.0
11253,45,1.0
11254,28,1.0
11254,19,1.0
11254,49,3.0
11254,51,1.0
11255,34,3.0
11255,39,1.0
11256,7,2.0
11256,23,3.0
11257,32,3.0
11257,25,1.0
11257,39,1.0
11257,54,3.0
11258,37,1.0
11259,60,3.0
11260,57,1.0
11260,35,2.0
11260,20,1.0
11260,39,3.0
11261,52,2.0
11261,33,2.0
11261,15,2.0
11262,32,1.0
11263,26,3.0
11264,55,1.0
11264,15,1.0
11264,44,3.0
11264,32,2.0
11265,57,2.0
11265,19,1.0
11266,14,3.0
11267,24,3.0
11268,54,1.0
11268,28,1.0
11269,13,2.0
11269,58,1.0
11269,52,1.0
11269,31,2.0
11270,53,1.0
11270,26,1.0
11271,41,3.0
11272,52,2.0
11272,24,2.0
11273,14,1.0
11274,18,3.0
11275,60,3.0
11275,23,1.0
11275,43,3.0
11275,51,
11276,32,2.0
11276,30,2.0
11277,17,2.0
11278,51,1.0
11278,28,1.0
11279,28,1.0
11279,13,3.0
11280,37,3.0
11280,51,1.0
11280,3,2.0
11281,41,3.0
11281,39,3.0
11281,56,1.0
11281,52,1.0
11282,18,3.0
11283,52,1.0
11283,55,1.0
11283,53,3.0
11284,4,1.0
11284,51,3.0
11284,48,3.0
11285,40,1.0
11285,51,3.0
11285,36,2.0
11285,26,1.0
11286,34,3.0
11286,30,2.0
11286,31,3.0
11287,47,1.0
11287,16,2.0
11287,1,3.0
11287,50,1.0
11288,4,3.0
11288,39,3.0
11289,56,1.0
11289,38,2.0
11290,58,3.0
11291,60,3.0
11291,46,1.0
11292,31,1.0
11292,29,3.0
11292,14,3.0
11292,38,3.0
11293,34,3.0
11293,21,2.0
11293,30,1.0
11293,52,1.0
11294,40,3.0
11295,32,2.0
11296,8,1.0
11296,52,2.0
11296,38,1.0
11296,17,3.0
11297,26,2.0
11297,1,2.0
11297,20,3.0
11297,10,2.0
11298,8,2.0
11298,44,1.0
11299,60,2.0
11299,18,1.0
11299,44,1.0
11299,33,1.0
11300,51,3.0
11300,4,1.0
11300,32,2.0
11301,56,3.0
11301,10,1.0
11301,5,2.0
11302,27,3.0
11302,29,1.0
11302,25,1.0
11302,23,3.0
11303,25,2.0
11303,11,1.0
11304,40,1.0
11304,9,1.0
11304,36,1.0
11305,55,1.0
11306,9,1.0
11306,40,1.0
11306,60,1.0
11307,59,1.0
11307,7,2.0
11308,54,1.0
11309,5,2.0
11310,6,3.0
11310,51,1.0
11311,56,1.0
11311,41,1.0
11312,43,1.0
11312,42,1.0
11313,31,3.0
11313,48,3.0
11313,58,3.0
11313,28,3.0
11314,43,3.0
11314,48,3.0
11315,39,3.0
11315,30,2.0
11316,52,3.0
11316,32,2.0
11317,14,3.0
11317,54,3.0
11317,30,1.0
11317,51,1.0
11318,1,3.0
11319,51,3.0
11320,18,1.0
11321,16,3.0
11321,23,3.0
11321,50,3.0
11322,29,3.0
11322,48,3.0
11322,35,1.0
11322,9,2.0
11323,51,3.0
11324,7,1.0
11324,10,1.0
11324,60,1.0
11325,32,2.0
11326,59,2.0
11327,51,3.0
11327,20,2.0
11327,13,2.0
11327,28,2.0
11328,27,2.0
11328,44,3.0
11328,38,2.0
11328,32,2.0
11329,4,3.0
11330,11,1.0
11330,33,2.0
11330,58,1.0
11330,27,2.0
11331,52,1.0
11331,45,1.0
11331,46,2.0
11331,32,1.0
11332,35,1.0
11332,20,2.0
11332,46,1.0
11333,44,2.0
11333,31,2.0
11333,39,3.0
11334,34,1.0
11334,2,1.0
11334,38,3.0
11334,30,1.0
11335,19,3.0
11335,41,2.0
11336,4,2.0
11337,51,2.0
11337,16,2.0
11337,44,1.0
11337,55,3.0
11338,53,3.0
11338,10,2.0
11339,31,3.0
11339,16,3.0
11340,55,1.0
11340,27,2.0
11341,27,2.0
11341,30,2.0
11341,49,2.0
11342,45,3.0
11343,54,3.0
11343,21,2.0
11343,58,3.0
11344,49,2.0
11344,59,1.0
11344,6,2.0
11345,36,
11345,13,1.0
11346,14,2.0
11347,45,1.0
11347,43,1.0
11347,20,3.0
11347,22,3.0
11348,44,2.0
11348,11,2.0
11348,33,2.0
11349,33,2.0
11349,32,2.0
11350,44,2.0
11351,32,2.0
11351,5,2.0
11352,52,3.0
11352,11,3.0
11352,54,3.0
11353,20,1.0
11353,46,1.0
11354,52,3.0
11355,2,3.0
11355,20,2.0
11355,12,2.0
11356,7,1.0
11357,19,2.0
11357,48,3.0
11357,2,1.0
11358,46,2.0
11358,59,2.0
11358,42,1.0
11358,28,3.0
11359,22,3.0
11360,32,3.0
11360,15,1.0
11360,39,3.0
11361,6,2.0
11361,52,3.0
11361,38,1.0
11361,55,3.0
11362,13,3.0
11362,11,3.0
11363,19,3.0
11363,58,2.0
11363,29,1.0
11363,56,1.0
11364,57,3.0
11364,56,2.0
11364,25,1.0
11364,52,2.0
11365,6,1.0
11365,12,2.0
11365,2,1.0
11366,34,1.0
11367,57,3.0
11368,31,3.0
11368,55,2.0
11368,42,2.0
11369,20,2.0
11370,12,2.0
11370,6,3.0
11370,47,3.0
11370,40,2.0
11371,31,3.0
11371,51,1.0
11371,59,2.0
11371,8,3.0
11372,54,3.0
11373,41,3.0
11373,24,2.0
11373,16,1.0
11374,20,3.0
11374,50,2.0
11374,45,2.0
11375,55,2.0
11376,35,3.0
11376,52,3.0
11377,41,2.0
11378,39,2.0
11378,56,1.0
11378,12,2.0
11379,15,2.0
11380,7,2.0
11380,40,3.0
11380,52,1.0
11380,30,3.0
11381,39,3.0
11381,45,1.0
11381,15,3.0
11381,57,1.0
11382,33,1.0
11382,3,2.0
11382,31,3.0
11382,41,1.0
11383,14,1.0
11383,18,3.0
11383,58,2.0
11383,17,3.0
11384,13,1.0
11384,14,1.0
11384,28,2.0
11385,48,1.0
11385,56,2.0
11386,25,2.0
11386,37,1.0
11387,32,2.0
11387,18,2.0
11387,35,2.0
11387,28,3.0
11388,42,3.0
11388,54,3.0
11388,50,3.0
11388,53,1.0
11389,21,2.0
11389,5,3.0
11390,18,3.0
11390,2,1.0
11390,20,2.0
11391,6,1.0
11392,10,1.0
11393,53,3.0
11393,57,1.0
11393,37,3.0
11393,50,2.0
11394,9,2.0
11394,46,3.0
11395,7,1.0
11395,9,1.0
11395,35,3.0
11396,44,1.0
11396,28,1.0
11397,36,3.0
11397,27,1.0
11397,39,2.0
11397,38,2.0
11398,34,2.0
11398,28,3.0
11398,22,3.0
11398,10,3.0
11399,15,1.0
11399,21,2.0
11399,16,1.0
11400,18,3.0
11400,52,3.0
11401,4,3.0
11401,25,1.0
11401,10,1.0
11401,21,1.0
11402,14,1.0
11402,33,3.0
11402,10,3.0
11402,9,3.0
11403,38,1.0
11404,39,3.0
11404,21,3.0
11404,12,2.0
11405,35,2.0
11406,28,1.0
11406,38,1.0
11406,15,2.0
11407,37,3.0
11408,43,3.0
11408,34,2.0
11408,54,3.0
11408,17,3.0
11409,49,2.0
11409,37,1.0
11410,44,2.0
11411,41,3.0
11411,52,1.0
11412,26,1.0
11412,12,3.0
11412,37,1.0
11413,31,2.0
11413,40,1.0
11413,20,3.0
11414,51,1.0
11414,21,3.0
11415,59,3.0
11415,25,1.0
11415,19,2.0
11415,5,3.0
11416,22,1.0
11416,10,1.0
11416,35,1.0
11416,57,1.0
11417,47,1.0
11417,29,2.0
11417,53,1.0
11418,28,2.0
11418,47,1.0
11419,7,2.0
11420,40,2.0
11420,4,1.0
11421,5,1.0
11421,12,3.0
11421,47,1.0
11422,5,1.0
11422,26,1.0
11423,15,2.0
11424,50,1.0
11424,15,2.0
11424,52,3.0
11424,22,2.0
11425,45,1.0
11425,34,3.0
11426,52,1.0
11426,24,1.0
11427,48,1.0
11427,47,2.0
11427,59,3.0
11428,28,3.0
11428,41,1.0
11428,12,3.0
11429,58,3.0
11430,32,3.0
11430,29,1.0
11430,36,3.0
11430,56,2.0
11431,11,1.0
11431,55,1.0
11432,31,3.0
11432,10,1.0
11432,52,3.0
11432,14,3.0
11433,42,1.0
11434,1,1.0
11435,11,3.0
11436,57,3.0
11437,38,3.0
11437,36,3.0
11437,33,2.0
11438,1,3.0
11439,16,1.0
11439,14,2.0
11439,55,3.0
11439,59,3.0
11440,28,1.0
11440,32,3.0
11441,33,3.0
11442,11,2.0
11442,2,3.0
11443,4,1.0
11443,11,2.0
11444,49,3.0
11445,53,1.0
11445,4,1.0
11446,8,3.0
11446,3,1.0
11446,14,1.0
11447,6,3.0
11447,53,3.0
11447,21,1.0
11448,9,1.0
11448,2,3.0
11448,25,2.0
11448,8,1.0
11449,58,2.0
11449,43,2.0
11449,38,2.0
11450,60,3.0
11450,41,2.0
11451,2,3.0
11451,8,3.0
11451,20,1.0
11452,12,1.0
11452,33,3.0
11453,38,1.0
11454,59,1.0
11454,48,2.0
11454,8,2.0
11454,28,1.0
11455,52,1.0
11455,16,2.0
11455,38,3.0
11455,33,2.0
11456,16,3.0
11456,17,1.0
11456,5,1.0
11457,3,3.0
11457,46,1.0
11457,33,2.0
11457,25,2.0
11458,32,2.0
11459,45,3.0
11459,13,3.0
11459,57,1.0
11459,46,1.0
11460,19,3.0
11461,58,1.0
11462,3,2.0
11462,53,2.0
11462,51,2.0
11462,18,2.0
11463,42,3.0
11464,14,3.0
11464,36,3.0
11464,31,2.0
11464,27,2.0
11465,41,3.0
11465,47,3.0
11465,23,2.0
11466,52,2.0
11466,45,1.0
11467,32,2.0
11467,35,1.0
11467,22,2.0
11468,13,1.0
11468,17,1.0
11468,10,2.0
11469,60,2.0
11470,22,1.0
11470,57,3.0
11470,10,3.0
11470,59,1.0
11471,56,2.0
11472,9,3.0
11472,23,2.0
11472,35,1.0
11472,26,2.0
11473,23,3.0
11473,5,3.0
11473,14,2.0
11473,25,2.0
11474,18,3.0
11474,11,1.0
11474,21,1.0
11474,41,3.0
11475,21,3.0
11476,1,3.0
11476,51,2.0
11476,3,1.0
11477,37,1.0
11477,35,2.0
11478,9,1.0
11479,58,1.0
11479,24,1.0
11479,53,3.0
11480,49,1.0
11480,41,1.0
11480,44,2.0
11481,32,1.0
11482,4,3.0
11483,17,2.0
11484,58,3.0
11484,51,3.0
11484,39,3.0
11484,23,3.0
11485,31,2.0
11485,53,1.0
11485,43,1.0
11485,45,3.0
11486,20,2.0
11486,53,2.0
11487,45,2.0
11487,13,3.0
11487,9,1.0
11487,4,3.0
11488,30,2.0
11488,16,1.0
11488,17,2.0
11488,2,3.0
11489,37,1.0
11489,40,2.0
11489,58,2.0
11490,29,2.0
11490,7,2.0
11491,55,1.0
11492,24,3.0
11493,10,2.0
11494,5,3.0
11494,12,3.0
11495,36,2.0
11496,53,2.0
11496,20,2.0
11497,4,1.0
11497,12,2.0
11498,20,1.0
11498,42,2.0
11498,29,1.0
11499,47,2.0
11499,60,2.0
11500,54,1.0
11500,29,2.0
11500,37,2.0
